INSERT INTO `transportation_service_db`.`locations` 
(`location_id`, `country`, `currency`)
VALUES 
(1, 'United States', 'US Dollars'),
(2, 'Panama', 'US Dollars'),
(3, 'Ecuador', 'US Dollars');

INSERT INTO `transportation_service_db`.`languages` 
(`language_id`, `language`)
VALUES 
(1, 'English'),
(2, 'Spanish');

INSERT INTO `transportation_service_db`.`users` 
(`user_id`, `first_name`, `last_name`, `phone_number`, `email`, `identity_number`, `location_id`, `language_id`, `rating`)
VALUES 
(1, 'Emily', 'Taylor', '555123456', 'emily.taylor@example.com', '1A2B3C4D5E', 2, 1, 4),
(2, 'James', 'Anderson', '555234567', 'james.anderson@example.com', 'A1B2C3D4E5', 3, 2, 3),
(3, 'Olivia', 'Martinez', '555345678', 'olivia.martinez@example.com', 'B1C2D3E4F5', 1, 1, 5),
(4, 'Daniel', 'Garcia', '555456789', 'daniel.garcia@example.com', 'C1D2E3F4G5', 2, 2, 2),
(5, 'Sophia', 'Hernandez', '555567890', 'sophia.hernandez@example.com', 'D1E2F3G4H5', 3, 1, 4),
(6, 'William', 'Lopez', '555678901', 'william.lopez@example.com', 'E1F2G3H4I5', 1, 2, 3),
(7, 'Isabella', 'Gonzalez', '555789012', 'isabella.gonzalez@example.com', 'F1G2H3I4J5', 2, 1, 5),
(8, 'Jacob', 'Rodriguez', '555890123', 'jacob.rodriguez@example.com', 'G1H2I3J4K5', 3, 2, 1),
(9, 'Mia', 'Perez', '555901234', 'mia.perez@example.com', 'H1I2J3K4L5', 1, 1, 4),
(10, 'Ethan', 'Sanchez', '555012345', 'ethan.sanchez@example.com', 'I1J2K3L4M5', 2, 2, 3),
(11, 'Emma', 'Ramirez', '555123456', 'emma.ramirez@example.com', 'J1K2L3M4N5', 3, 1, 2),
(12, 'Alexander', 'Torres', '555234567', 'alexander.torres@example.com', 'K1L2M3N4O5', 1, 2, 4),
(13, 'Ava', 'Flores', '555345678', 'ava.flores@example.com', 'L1M2N3O4P5', 2, 1, 3),
(14, 'Michael', 'Gomez', '555456789', 'michael.gomez@example.com', 'M1N2O3P4Q5', 3, 2, 5),
(15, 'Abigail', 'Diaz', '555567890', 'abigail.diaz@example.com', 'N1O2P3Q4R5', 1, 1, 1),
(16, 'Matthew', 'Rivera', '555678901', 'matthew.rivera@example.com', 'O1P2Q3R4S5', 2, 2, 4),
(17, 'Sofia', 'Cruz', '555789012', 'sofia.cruz@example.com', 'P1Q2R3S4T5', 3, 1, 3),
(18, 'Elijah', 'Reyes', '555890123', 'elijah.reyes@example.com', 'Q1R2S3T4U5', 1, 2, 2),
(19, 'Charlotte', 'King', '555901234', 'charlotte.king@example.com', 'R1S2T3U4V5', 2, 1, 5),
(20, 'Benjamin', 'Scott', '555012345', 'benjamin.scott@example.com', 'S1T2U3V4W5', 3, 2, 4),
(21, 'Noah', 'Morales', '555123456', 'noah.morales@example.com', 'T1U2V3W4X5', 1, 1, 3),
(22, 'Amelia', 'Ortiz', '555234567', 'amelia.ortiz@example.com', 'U1V2W3X4Y5', 2, 2, 4),
(23, 'Mason', 'Gutierrez', '555345678', 'mason.gutierrez@example.com', 'V1W2X3Y4Z5', 3, 1, 5),
(24, 'Harper', 'Wong', '555456789', 'harper.wong@example.com', 'W1X2Y3Z4A5', 1, 2, 2),
(25, 'Evelyn', 'Fisher', '555567890', 'evelyn.fisher@example.com', 'X1Y2Z3A4B5', 2, 1, 3),
(26, 'Elijah', 'Chen', '555678901', 'elijah.chen@example.com', 'Y1Z2A3B4C5', 3, 2, 1),
(27, 'Grace', 'Nguyen', '555789012', 'grace.nguyen@example.com', 'Z1A2B3C4D5', 1, 1, 4),
(28, 'Aiden', 'Chang', '555890123', 'aiden.chang@example.com', '1A2B3C4D5E', 2, 2, 5),
(29, 'Samantha', 'Wu', '555901234', 'samantha.wu@example.com', '2A3B4C5D6E', 3, 1, 3),
(30, 'Lucas', 'Singh', '555012345', 'lucas.singh@example.com', '3B4C5D6E7F', 1, 2, 2),
(31, 'Madison', 'Li', '555123456', 'madison.li@example.com', '4C5D6E7F8G', 2, 1, 4),
(32, 'Grayson', 'Kumar', '555234567', 'grayson.kumar@example.com', '5D6E7F8G9H', 3, 2, 5),
(33, 'Luna', 'Gupta', '555345678', 'luna.gupta@example.com', '6E7F8G9H1I', 1, 1, 1),
(34, 'Carter', 'Patel', '555456789', 'carter.patel@example.com', '7F8G9H1I2J', 2, 2, 3),
(35, 'Chloe', 'Huang', '555567890', 'chloe.huang@example.com', '8G9H1I2J3K', 3, 1, 2),
(36, 'Henry', 'Ramachandran', '555678901', 'henry.ramachandran@example.com', '9H1I2J3K4L', 1, 2, 4),
(37, 'Zoey', 'Kim', '555789012', 'zoey.kim@example.com', '0I2J3K4L5M', 2, 1, 5),
(38, 'Levi', 'Lee', '555890123', 'levi.lee@example.com', 'I2J3K4L5M6N', 3, 2, 3),
(39, 'Hannah', 'Sharma', '555901234', 'hannah.sharma@example.com', 'J2K3L4M5N6O', 1, 1, 4),
(40, 'Nora', 'Das', '555012345', 'nora.das@example.com', 'K3L4M5N6O7P', 2, 2, 5),
(41, 'Isaac', 'Mendoza', '555123456', 'isaac.mendoza@example.com', 'L4M5N6O7P8Q', 3, 1, 1),
(42, 'Scarlett', 'Garcia', '555234567', 'scarlett.garcia@example.com', 'M5N6O7P8Q9R', 1, 2, 3),
(43, 'Gabriel', 'Chen', '555345678', 'gabriel.chen@example.com', 'N6O7P8Q9R1S', 2, 1, 4),
(44, 'Lily', 'Liu', '555456789', 'lily.liu@example.com', 'O7P8Q9R1S2T', 3, 2, 2),
(45, 'Eliana', 'Singh', '555567890', 'eliana.singh@example.com', 'P8Q9R1S2T3U', 1, 1, 5),
(46, 'Adrian', 'Kaur', '555678901', 'adrian.kaur@example.com', 'Q9R1S2T3U4V', 2, 2, 3),
(47, 'Eva', 'Patel', '555789012', 'eva.patel@example.com', 'R1S2T3U4V5W', 3, 1, 4),
(48, 'David', 'Gupta', '555890123', 'david.gupta@example.com', 'S2T3U4V5W6X', 1, 2, 1),
(49, 'Nathan', 'Wong', '555901234', 'nathan.wong@example.com', 'T3U4V5W6X7Y', 2, 1, 2),
(50, 'Leah', 'Chang', '555012345', 'leah.chang@example.com', 'U4V5W6X7Y8Z', 3, 2, 3);


INSERT INTO `transportation_service_db`.`drivers`
(`driver_id`, `first_name`, `last_name`, `phone_number`, `email`, `identity_number`, `rating`, `driving_license_number`, `language_id`, `location_id`)
VALUES
(1, 'John', 'Smith', '555123456', 'john.smith@example.com', 'A1B2C3D4E5F', 4.3, '1234567', 1, 2),
(2, 'Emma', 'Johnson', '555234567', 'emma.johnson@example.com', 'B1C2D3E4F5G', 3.7, '2345678', 2, 1),
(3, 'Michael', 'Williams', '555345678', 'michael.williams@example.com', 'C1D2E3F4G5H', 2.5, '3456789', 1, 3),
(4, 'Sophia', 'Brown', '555456789', 'sophia.brown@example.com', 'D1E2F3G4H5I', 4.8, '4567890', 2, 2),
(5, 'James', 'Jones', '555567890', 'james.jones@example.com', 'E1F2G3H4I5J', 3.9, '5678901', 1, 1),
(6, 'Olivia', 'Davis', '555678901', 'olivia.davis@example.com', 'F1G2H3I4J5K', 2.1, '6789012', 2, 3),
(7, 'William', 'Miller', '555789012', 'william.miller@example.com', 'G1H2I3J4K5L', 4.6, '7890123', 1, 2),
(8, 'Ava', 'Wilson', '555890123', 'ava.wilson@example.com', 'H1I2J3K4L5M', 1.8, '8901234', 2, 1),
(9, 'Alexander', 'Moore', '555901234', 'alexander.moore@example.com', 'I1J2K3L4M5N', 3.2, '9012345', 1, 3),
(10, 'Mia', 'Taylor', '555012345', 'mia.taylor@example.com', 'J1K2L3M4N5O', 4.5, '0123456', 2, 2),
(11, 'Ethan', 'Anderson', '555123456', 'ethan.anderson@example.com', 'K1L2M3N4O5P', 2.9, '1234567', 1, 1),
(12, 'Charlotte', 'Thomas', '555234567', 'charlotte.thomas@example.com', 'L1M2N3O4P5Q', 3.4, '2345678', 2, 3),
(13, 'Jacob', 'Jackson', '555345678', 'jacob.jackson@example.com', 'M1N2O3P4Q5R', 1.7, '3456789', 1, 2),
(14, 'Amelia', 'White', '555456789', 'amelia.white@example.com', 'N1O2P3Q4R5S', 4.2, '4567890', 2, 1),
(15, 'Logan', 'Harris', '555567890', 'logan.harris@example.com', 'O1P2Q3R4S5T', 2.3, '5678901', 1, 3),
(16, 'Avery', 'Martin', '555678901', 'avery.martin@example.com', 'P1Q2R3S4T5U', 4.7, '6789012', 2, 2),
(17, 'Lucas', 'Thompson', '555789012', 'lucas.thompson@example.com', 'Q2R3S4T5U6V', 3.1, '7890123', 1, 1),
(18, 'Liam', 'Garcia', '555890123', 'liam.garcia@example.com', 'R2S3T4U5V6W', 1.9, '8901234', 2, 3),
(19, 'Harper', 'Martinez', '555901234', 'harper.martinez@example.com', 'S2T3U4V5W6X', 3.8, '9012345', 1, 2),
(20, 'Evelyn', 'Robinson', '555012345', 'evelyn.robinson@example.com', 'T2U3V4W5X6Y', 2.6, '0123456', 2, 1),
(21, 'Noah', 'Clark', '555123456', 'noah.clark@example.com', 'U2V3W4X5Y6Z', 4.1, '1234567', 1, 3),
(22, 'Isabella', 'Lewis', '555234567', 'isabella.lewis@example.com', 'V2W3X4Y5Z6A', 2.4, '2345678', 2, 2),
(23, 'Mason', 'Walker', '555345678', 'mason.walker@example.com', 'W2X3Y4Z5A6B', 4.9, '3456789', 1, 1),
(24, 'Aria', 'Perez', '555456789', 'aria.perez@example.com', 'X2Y3Z4A5B6C', 3.3, '4567890', 2, 3),
(25, 'Liam', 'Hall', '555567890', 'liam.hall@example.com', 'Y2Z3A4B5C6D', 1.6, '5678901', 1, 2),
(26, 'Aurora', 'Young', '555678901', 'aurora.young@example.com', 'Z2A3B4C5D6E', 4.4, '6789012', 2, 1),
(27, 'Ethan', 'Hernandez', '555789012', 'ethan.hernandez@example.com', 'A3B4C5D6E7F', 2.7, '7890123', 1, 3),
(28, 'Amelia', 'King', '555890123', 'amelia.king@example.com', 'B3C4D5E6F7G', 3.6, '8901234', 2, 2),
(29, 'Oliver', 'Nelson', '555901234', 'oliver.nelson@example.com', 'C3D4E5F6G7H', 1.5, '9012345', 1, 1),
(30, 'Ava', 'Carter', '555012345', 'ava.carter@example.com', 'D3E4F5G6H7I', 4.0, '0123456', 2, 3),
(31, 'William', 'Gonzalez', '555123456', 'william.gonzalez@example.com', 'E3F4G5H6I7J', 2.8, '1234567', 1, 2),
(32, 'Charlotte', 'Baker', '555234567', 'charlotte.baker@example.com', 'F3G4H5I6J7K', 4.5, '2345678', 2, 1),
(33, 'Logan', 'Adams', '555345678', 'logan.adams@example.com', 'G3H4I5J6K7L', 3.2, '3456789', 1, 3),
(34, 'Sophia', 'Gomez', '555456789', 'sophia.gomez@example.com', 'H3I4J5K6L7M', 1.7, '4567890', 2, 2),
(35, 'Elijah', 'Cook', '555567890', 'elijah.cook@example.com', 'I3J4K5L6M7N', 4.3, '5678901', 1, 1),
(36, 'Amelia', 'Gray', '555678901', 'amelia.gray@example.com', 'J3K4L5M6N7O', 2.1, '6789012', 2, 3),
(37, 'Jackson', 'Foster', '555789012', 'jackson.foster@example.com', 'K3L4M5N6O7P', 3.8, '7890123', 1, 2),
(38, 'Ella', 'Rivera', '555890123', 'ella.rivera@example.com', 'L4M5N6O7P8Q', 1.9, '8901234', 2, 1),
(39, 'Benjamin', 'Hill', '555901234', 'benjamin.hill@example.com', 'M4N5O6P7Q8R', 3.5, '9012345', 1, 3),
(40, 'Mia', 'Russell', '555012345', 'mia.russell@example.com', 'N4O5P6Q7R8S', 4.6, '0123456', 2, 2),
(41, 'Oliver', 'Sullivan', '555123456', 'oliver.sullivan@example.com', 'O4P5Q6R7S8T', 2.4, '1234567', 1, 1),
(42, 'Grace', 'Morgan', '555234567', 'grace.morgan@example.com', 'P4Q5R6S7T8U', 4.1, '2345678', 2, 3),
(43, 'Lucas', 'Peterson', '555345678', 'lucas.peterson@example.com', 'Q4R5S6T7U8V', 3.3, '3456789', 1, 2),
(44, 'Evelyn', 'Cooper', '555456789', 'evelyn.cooper@example.com', 'R4S5T6U7V8W', 1.8, '4567890', 2, 1),
(45, 'Ethan', 'Reed', '555567890', 'ethan.reed@example.com', 'S4T5U6V7W8X', 4.0, '5678901', 1, 3),
(46, 'Aria', 'Bailey', '555678901', 'aria.bailey@example.com', 'T4U5V6W7X8Y', 2.6, '6789012', 2, 2),
(47, 'Aiden', 'Bell', '555789012', 'aiden.bell@example.com', 'U4V5W6X7Y8Z9', 3.7, '7890123', 1, 1),
(48, 'Harper', 'Gordon', '555890123', 'harper.gordon@example.com', 'V5W6X7Y8Z9A1', 1.5, '8901234', 2, 3),
(49, 'Ella', 'Shaw', '555901234', 'ella.shaw@example.com', 'W5X6Y7Z8A9B1', 4.8, '9012345', 1, 2),
(50, 'Jackson', 'Holmes', '555012345', 'jackson.holmes@example.com', 'X6Y7Z8A9B1C2', 3.0, '0123456', 2, 1);


INSERT INTO `transportation_service_db`.`vehicles` 
(`vehicle_id`, `brand`, `model`, `color`, `registration`, `year`, `tax_token`, `insurance_due_date`, `driver_id`)
VALUES
(1, 'Toyota', 'Corolla', 'Blue', 'AB123C456D', '2019', NULL, '2027-06-15', 15),
(2, 'Chevrolet', 'Camaro', 'Red', 'EF456G789H', '2023', NULL, '2026-07-10', 25),
(3, 'Ford', 'Focus', 'Green', 'IJ012K345L', '2018', NULL, '2025-08-05', 35),
(4, 'Nissan', 'Sentra', 'Blue', 'MN678P901Q', '2021', NULL, '2027-09-01', 45),
(5, 'Honda', 'CR-V', 'Black', 'RS234T567U', '2017', NULL, '2026-10-25', 6),
(6, 'Toyota', 'Highlander', 'Gray', 'VW890X123Y', '2016', NULL, '2025-11-15', 16),
(7, 'Ford', 'Escape', 'White', 'ZABCD123EF', '2022', NULL, '2027-12-10', 26),
(8, 'Chevrolet', 'Equinox', 'Silver', 'GHIJK456LM', '2019', NULL, '2025-01-05', 36),
(9, 'Nissan', 'Rogue', 'Red', 'NOPQR789ST', '2020', NULL, '2026-02-20', 46),
(10, 'Honda', 'Fit', 'Blue', 'UVWXY012Z', '2023', NULL, '2025-03-15', 7),
(11, 'Toyota', 'Tacoma', 'Green', '01234AB567', '2018', NULL, '2026-04-10', 17),
(12, 'Ford', 'Expedition', 'Silver', 'CDEFGH123I', '2022', NULL, '2025-05-05', 27),
(13, 'Chevrolet', 'Tahoe', 'Black', 'JKLMN456OP', '2017', NULL, '2026-06-01', 37),
(14, 'Nissan', 'Altima', 'White', 'QRSTU789VW', '2021', NULL, '2025-07-25', 47),
(15, 'Honda', 'Pilot', 'Gray', 'XYZ012345A', '2019', NULL, '2026-08-20', 8),
(16, 'Toyota', 'Camry', 'Blue', 'BCDEFGH123', '2020', NULL, '2027-09-15', 18),
(17, 'Chevrolet', 'Malibu', 'Red', 'IJKLMNOPQR', '2016', NULL, '2026-10-10', 28),
(18, 'Ford', 'Mustang', 'Green', 'STUVWXYZ01', '2023', NULL, '2025-11-05', 38),
(19, 'Nissan', 'Maxima', 'Blue', '2345678901', '2018', NULL, '2026-12-01', 48),
(20, 'Honda', 'Accord', 'Black', '2345678901', '2022', NULL, '2027-01-25', 9),
(21, 'Toyota', 'RAV4', 'Silver', '2345678901', '2017', NULL, '2025-02-20', 19),
(22, 'Chevrolet', 'Cruze', 'Gray', '2345678901', '2021', NULL, '2026-03-15', 29),
(23, 'Ford', 'Fusion', 'White', '2345678901', '2019', NULL, '2027-04-10', 39),
(24, 'Nissan', 'Altima', 'Red', '2345678901', '2023', NULL, '2025-05-05', 49),
(25, 'Honda', 'Civic', 'Blue', '2345678901', '2018', NULL, '2026-06-01', 10),
(26, 'Toyota', 'Corolla', 'Green', '2345678901', '2022', NULL, '2027-07-25', 20),
(27, 'Chevrolet', 'Impala', 'Black', '2345678901', '2017', NULL, '2026-08-20', 30),
(28, 'Ford', 'Taurus', 'Silver', '2345678901', '2021', NULL, '2025-09-15', 40),
(29, 'Nissan', 'Versa', 'Red', '2345678901', '2019', NULL, '2026-10-10', 50),
(30, 'Honda', 'Fit', 'Blue', '2345678901', '2023', NULL, '2027-11-05', 11),
(31, 'Toyota', 'Yaris', 'Gray', '2345678901', '2018', NULL, '2026-12-01', 21),
(32, 'Chevrolet', 'Sonic', 'White', '2345678901', '2022', NULL, '2025-01-25', 31),
(33, 'Ford', 'Focus', 'Black', '2345678901', '2017', NULL, '2026-02-20', 41),
(34, 'Nissan', 'Sentra', 'Red', '2345678901', '2021', NULL, '2027-03-15', 1),
(35, 'Honda', 'Accord', 'Silver', '2345678901', '2019', NULL, '2026-04-10', 12),
(36, 'Toyota', 'Camry', 'Blue', '2345678901', '2023', NULL, '2027-05-05', 22),
(37, 'Chevrolet', 'Malibu', 'White', '2345678901', '2018', NULL, '2025-06-01', 32),
(38, 'Ford', 'Fusion', 'Red', '2345678901', '2022', NULL, '2026-07-25', 42),
(39, 'Nissan', 'Altima', 'Gray', '2345678901', '2017', NULL, '2026-08-20', 2),
(40, 'Honda', 'Civic', 'Black', '2345678901', '2021', NULL, '2025-09-15', 13),
(41, 'Toyota', 'Corolla', 'Silver', '2345678901', '2019', NULL, '2026-10-10', 23),
(42, 'Chevrolet', 'Impala', 'Red', '2345678901', '2023', NULL, '2027-11-05', 33),
(43, 'Ford', 'Taurus', 'Blue', '2345678901', '2018', NULL, '2026-12-01', 43),
(44, 'Nissan', 'Versa', 'White', '2345678901', '2022', NULL, '2025-01-25', 3),
(45, 'Honda', 'Fit', 'Gray', '2345678901', '2017', NULL, '2026-02-20', 14),
(46, 'Toyota', 'Yaris', 'Black', '2345678901', '2021', NULL, '2027-03-15', 24),
(47, 'Chevrolet', 'Sonic', 'Red', '2345678901', '2019', NULL, '2026-04-10', 34),
(48, 'Ford', 'Focus', 'Silver', '2345678901', '2023', NULL, '2027-05-05', 44),
(49, 'Nissan', 'Sentra', 'Blue', '2345678901', '2018', NULL, '2025-06-01', 4),
(50, 'Honda', 'Accord', 'Green', '2345678901', '2022', NULL, '2026-07-25', 15);


INSERT INTO `transportation_service_db`.`prices` 
(`price_id`, `location_id`, `unit`, `price`)
VALUES
(1, 1, 'Mile', 'Kilometer', '2.00'),
(2, 2, 'Kilometer', 'Kilometer', '1.00'),
(3, 3, 'Kilometer', 'Blue', '0.7');

INSERT INTO `transportation_service_db`.`trips` (trip_id, price_id, user_id, driver_id, initial_price, total_distance, 
final_price, driver_rating, user_rating, start_time, end_time, is_cancelled, is_finished, is_reservation, reservation_date) 
VALUES 
(1, 1, 10, 25, NULL, NULL, NULL, 3, 4, NULL, NULL, 1, 0, 1, '2022-01-01 08:30:00'), 
(2, 2, 35, 15, NULL, NULL, NULL, 2, 5, NULL, NULL, 0, 1, 0, '2022-01-02 10:45:00'), 
(3, 1, 20, 42, NULL, NULL, NULL, 4, 3, NULL, NULL, 1, 0, 1, '2022-01-07 06:45:00'),
(4, 3, 48, 7, NULL, NULL, NULL, 5, 2, NULL, NULL, 0, 1, 0, '2022-01-07 07:45:00'),
(5, 2, 13, 31, NULL, NULL, NULL, 1, 5, NULL, NULL, 1, 0, 1, '2022-01-07 08:45:00'),
(6, 3, 5, 38, NULL, NULL, NULL, 2, 4, NULL, NULL, 0, 1, 0, '2022-01-07 07:15:00'),
(7, 1, 29, 20, NULL, NULL, NULL, 3, 3, NULL, NULL, 1, 0, 1, '2022-01-08 07:55:00'),
(8, 2, 17, 10, NULL, NULL, NULL, 4, 2, NULL, NULL, 0, 1, 0, '2022-01-08 07:55:00'),
(9, 1, 36, 2, NULL, NULL, NULL, 5, 4, NULL, NULL, 1, 0, 1, '2022-01-08 07:55:00'),
(10, 3, 45, 28, NULL, NULL, NULL, 1, 3, NULL, NULL, 0, 1, 0, '2022-01-08 01:50:00'),
(11, 2, 3, 47, NULL, NULL, NULL, 2, 5, NULL, NULL, 1, 0, 1, '2022-01-09 05:55:00'),
(12, 1, 8, 16, NULL, NULL, NULL, 3, 2, NULL, NULL, 0, 1, 0, '2022-01-09 06:25:00'),
(13, 3, 22, 41, NULL, NULL, NULL, 4, 4, NULL, NULL 1, 0, 1, '2022-01-09 07:10:00'),
(14, 2, 39, 12, NULL, NULL, NULL, 5, 3, NULL, NULL, 1, 0, 1, '2022-01-09 03:15:00'),
(15, 1, 32, 6, NULL, NULL, NULL, 1, 4, NULL, NULL, 0, 1, 0, '2022-01-09 09:55:00'),
(16, 3, 19, 33, NULL, NULL, NULL, 2, 2, NULL, NULL, 1, 0, 1, NULL),
(17, 2, 46, 26, NULL, NULL, NULL, 3, 5, NULL, NULL, 0, 1, 0, NULL),
(18, 1, 14, 43, NULL, NULL, NULL, 4, 3, NULL, NULL, 1, 0, 1, NULL),
(19, 3, 30, 9, NULL, NULL, NULL, 5, 2, NULL, NULL, 0, 1, 0, NULL),
(20, 2, 1, 34, NULL, NULL, NULL, 1, 4, NULL, NULL, 1, 0, 1, NULL),
(21, 1, 40, 18, NULL, NULL, NULL, 2, 3, NULL, NULL, 0, 1, 0, NULL),
(22, 3, 25, 4, NULL, NULL, NULL, 3, 5, NULL, NULL, 1, 0, 1, NULL),
(23, 2, 11, 49, NULL, NULL, NULL, 4, 2, NULL, NULL, 0, 1, 0, NULL),
(24, 1, 37, 27, NULL, NULL, NULL, 5, 4, NULL, NULL, 1, 0, 1, NULL),
(25, 3, 23, 14, NULL, NULL, NULL, 1, 3, NULL, NULL, 0, 1, 0, NULL),
(26, 2, 50, 36, NULL, NULL, NULL, 2, 5, NULL, NULL, 1, 0, 1, NULL),
(27, 1, 21, 8, NULL, NULL, NULL, 3, 2, NULL, NULL, 0, 1, 0, NULL),
(28, 3, 47, 19, NULL, NULL, NULL, 4, 4, NULL, NULL, 1, 0, 1, NULL),
(29, 2, 4, 31, NULL, NULL, NULL, 5, 3, NULL, NULL, 0, 1, 0, NULL),
(30, 1, 28, 21, NULL, NULL, NULL, 1, 2, NULL, NULL, 1, 0, 1, NULL),
(31, 3, 16, 44, NULL, NULL, NULL, 2, 5, NULL, NULL, 0, 1, 0, NULL),
(32, 2, 9, 29, NULL, NULL, NULL, 3, 4, NULL, NULL, 1, 0, 1, NULL),
(33, 1, 38, 1, NULL, NULL, NULL, 4, 3, NULL, NULL, 0, 1, 0, NULL),
(34, 3, 5, 17, NULL, NULL, NULL, 5, 2, NULL, NULL, 1, 0, 1, NULL),
(35, 2, 22, 40, NULL, NULL, NULL, 1, 4, NULL, NULL, 0, 1, 0, NULL),
(36, 1, 10, 26, NULL, NULL, NULL, 2, 3, NULL, NULL, 1, 0, 1, NULL),
(37, 3, 35, 15, NULL, NULL, NULL, 3, 5, NULL, NULL, 0, 1, 0, NULL),
(38, 2, 20, 42, NULL, NULL, NULL, 4, 2, NULL, NULL, 1, 0, 1, NULL),
(39, 1, 48, 7, NULL, NULL, NULL, 5, 4, NULL, NULL, 0, 1, 0, NULL),
(40, 3, 13, 31, NULL, NULL, NULL, 1, 3, NULL, NULL, 1, 0, 1, NULL),
(41, 2, 29, 20, NULL, NULL, NULL, 2, 5, NULL, NULL, 0, 1, 0, NULL),
(42, 1, 17, 10, NULL, NULL, NULL, 3, 2, NULL, NULL, 1, 0, 1, NULL),
(43, 3, 36, 2, NULL, NULL, NULL, 4, 4, NULL, NULL, 0, 1, 0, NULL),
(44, 2, 45, 28, NULL, NULL, NULL, 5, 3, NULL, NULL, 1, 0, 1, NULL),
(45, 1, 3, 47, NULL, NULL, NULL, 1, 2, NULL, NULL, 0, 1, 0, NULL),
(46, 3, 8, 16, NULL, NULL, NULL, 2, 5, NULL, NULL, 1, 0, 1, NULL),
(47, 2, 22, 41, NULL, NULL, NULL, 3, 3, NULL, NULL, 0, 1, 0, NULL),
(48, 1, 30, 9, NULL, NULL, NULL, 4, 5, NULL, NULL, 1, 0, 1, NULL),
(49, 3, 1, 34, NULL, NULL, NULL, 5, 2, NULL, NULL, 0, 1, 0, NULL),
(50, 2, 40, 18, NULL, NULL, NULL, 1, 4, NULL, NULL, 1, 0, 1, NULL),
(51, 1, 10, 25, NULL, NULL, NULL, 3, 4, NULL, NULL, 1, 0, 1, '2022-01-01 08:30:00'), 
(52, 2, 35, 15, NULL, NULL, NULL, 2, 5, NULL, NULL, 0, 1, 0, '2022-01-02 10:45:00'),
(53, 3, 20, 42, NULL, NULL, NULL, 4, 3, NULL, NULL, 1, 0, 1, '2022-01-03 12:15:00'),
(54, 1, 48, 7, NULL, NULL, NULL, 5, 2, NULL, NULL, 0, 1, 0, '2022-01-04 14:30:00'),
(55, 2, 13, 31, NULL, NULL, NULL, 1, 5, NULL, NULL, 1, 0, 1, '2022-01-05 16:45:00'),
(56, 3, 5, 38, NULL, NULL, NULL, 2, 4, NULL, NULL, 0, 1, 0, '2022-01-06 18:00:00'),
(57, 1, 29, 20, NULL, NULL, NULL, 3, 3, NULL, NULL, 1, 0, 1, '2022-01-07 20:15:00'),
(58, 2, 17, 10, NULL, NULL, NULL, 4, 2, NULL, NULL, 0, 1, 0, '2022-01-08 22:30:00'),
(59, 1, 36, 2, NULL, NULL, NULL, 5, 4, NULL, NULL, 1, 0, 1, '2022-01-09 23:45:00'),
(60, 3, 45, 28, NULL, NULL, NULL, 1, 3, NULL, NULL, 0, 1, 0, '2022-01-10 01:00:00'),
(61, 2, 3, 47, NULL, NULL, NULL, 2, 5, NULL, NULL, 1, 0, 1, '2022-01-11 03:15:00'),
(62, 1, 8, 16, NULL, NULL, NULL, 3, 2, NULL, NULL, 0, 1, 0, '2022-01-12 05:30:00'),
(63, 3, 22, 41, NULL, NULL, NULL, 4, 4, NULL, NULL, 1, 0, 1, '2022-01-13 07:45:00'),
(64, 2, 39, 12, NULL, NULL, NULL, 5, 3, NULL, NULL, 0, 1, 0, '2022-01-14 09:00:00'),
(65, 1, 32, 6, NULL, NULL, NULL, 1, 4, NULL, NULL, 1, 0, 1, '2022-01-15 11:15:00'),
(66, 3, 19, 33, NULL, NULL, NULL, 2, 2, NULL, NULL, 0, 1, 0, '2022-01-16 13:30:00'),
(67, 2, 46, 26, NULL, NULL, NULL, 3, 5, NULL, NULL, 1, 0, 1, '2022-01-17 15:45:00'),
(68, 1, 14, 43, NULL, NULL, NULL, 4, 3, NULL, NULL, 0, 1, 0, '2022-01-18 18:00:00'),
(69, 3, 30, 9, NULL, NULL, NULL, 5, 2, NULL, NULL, 1, 0, 1, '2022-01-19 20:15:00'),
(70, 2, 1, 34, NULL, NULL, NULL, 1, 4, NULL, NULL, 0, 1, 0, '2022-01-20 22:30:00'),
(71, 1, 40, 18, NULL, NULL, NULL, 2, 3, NULL, NULL, 1, 0, 1, '2022-01-21 00:45:00'),
(72, 3, 25, 4, NULL, NULL, NULL, 3, 5, NULL, NULL, 0, 1, 0, '2022-01-22 03:00:00'),
(73, 2, 11, 49, NULL, NULL, NULL, 4, 2, NULL, NULL, 1, 0, 1, '2022-01-23 05:15:00'),
(74, 1, 37, 27, NULL, NULL, NULL, 5, 4, NULL, NULL, 0, 1, 0, '2022-01-24 07:30:00'),
(75, 3, 23, 14, NULL, NULL, NULL, 1, 3, NULL, NULL, 1, 0, 1, '2022-01-25 09:45:00'),
(76, 2, 50, 36, NULL, NULL, NULL, 2, 5, NULL, NULL, 0, 1, 0, '2022-01-26 12:00:00'),
(77, 1, 21, 8, NULL, NULL, NULL, 3, 2, NULL, NULL, 1, 0, 1, '2022-01-27 14:15:00'),
(78, 3, 47, 19, NULL, NULL, NULL, 4, 4, NULL, NULL, 0, 1, 0, '2022-01-28 16:30:00'),
(79, 2, 4, 31, NULL, NULL, NULL, 5, 3, NULL, NULL, 1, 0, 1, '2022-01-29 18:45:00'),
(80, 1, 28, 21, NULL, NULL, NULL, 1, 2, NULL, NULL, 0, 1, 0, '2022-01-30 21:00:00'),
(81, 3, 16, 44, NULL, NULL, NULL, 2, 5, NULL, NULL, 1, 0, 1, '2022-01-31 23:15:00'),
(82, 2, 9, 29, NULL, NULL, NULL, 3, 4, NULL, NULL, 0, 1, 0, '2022-02-01 01:30:00'),
(83, 1, 38, 1, NULL, NULL, NULL, 4, 3, NULL, NULL, 1, 0, 1, '2022-02-02 03:45:00'),
(84, 3, 5, 17, NULL, NULL, NULL, 5, 2, NULL, NULL, 0, 1, 0, '2022-02-03 06:00:00'),
(85, 2, 22, 40, NULL, NULL, NULL, 1, 4, NULL, NULL, 1, 0, 1, '2022-02-04 08:15:00'),
(86, 1, 10, 26, NULL, NULL, NULL, 2, 3, NULL, NULL, 0, 1, 0, '2022-02-05 10:30:00'),
(87, 3, 35, 15, NULL, NULL, NULL, 3, 5, NULL, NULL, 1, 0, 1, '2022-02-06 12:45:00'),
(88, 2, 20, 42, NULL, NULL, NULL, 4, 2, NULL, NULL, 0, 1, 0, '2022-02-07 15:00:00'),
(89, 1, 48, 7, NULL, NULL, NULL, 5, 4, NULL, NULL, 1, 0, 1, '2022-02-08 17:15:00'),
(90, 3, 13, 31, NULL, NULL, NULL, 1, 3, NULL, NULL, 0, 1, 0, '2022-02-09 19:30:00'),
(91, 2, 29, 20, NULL, NULL, NULL, 2, 5, NULL, NULL, 1, 0, 1, '2022-02-10 21:45:00'),
(92, 1, 17, 10, NULL, NULL, NULL, 3, 2, NULL, NULL, 0, 1, 0, '2022-02-11 00:00:00'),
(93, 3, 36, 2, NULL, NULL, NULL, 4, 4, NULL, NULL, 1, 0, 1, '2022-02-12 02:15:00'),
(94, 2, 45, 28, NULL, NULL, NULL, 5, 3, NULL, NULL, 0, 1, 0, '2022-02-13 04:30:00'),
(95, 1, 3, 47, NULL, NULL, NULL, 1, 2, NULL, NULL, 1, 0, 1, '2022-02-14 06:45:00'),
(96, 3, 8, 16, NULL, NULL, NULL, 2, 5, NULL, NULL, 0, 1, 0, '2022-02-15 09:00:00'),
(97, 2, 22, 41, NULL, NULL, NULL, 3, 3, NULL, NULL, 1, 0, 1, '2022-02-16 11:15:00'),
(98, 1, 30, 9, NULL, NULL, NULL, 4, 5, NULL, NULL, 0, 1, 0, '2022-02-17 13:30:00'),
(99, 3, 1, 34, NULL, NULL, NULL, 5, 2, NULL, NULL, 1, 0, 1, '2022-02-18 15:45:00'),
(100, 2, 40, 18, NULL, NULL, NULL, 1, 4, NULL, NULL, 0, 1, 0, '2022-02-19 18:00:00'),
(101, 1, 10, 25, NULL, NULL, NULL, 3, 4, NULL, NULL, 1, 0, 1, '2022-02-20 08:30:00'), 
(102, 2, 35, 15, NULL, NULL, NULL, 2, 5, NULL, NULL, 0, 1, 0, '2022-02-21 10:45:00'),
(103, 3, 20, 42, NULL, NULL, NULL, 4, 3, NULL, NULL, 1, 0, 1, '2022-02-22 12:15:00'),
(104, 1, 48, 7, NULL, NULL, NULL, 5, 2, NULL, NULL, 0, 1, 0, '2022-02-23 14:30:00'),
(105, 2, 13, 31, NULL, NULL, NULL, 1, 5, NULL, NULL, 1, 0, 1, '2022-02-24 16:45:00'),
(106, 3, 5, 38, NULL, NULL, NULL, 2, 4, NULL, NULL, 0, 1, 0, '2022-02-25 18:00:00'),
(107, 1, 29, 20, NULL, NULL, NULL, 3, 3, NULL, NULL, 1, 0, 1, '2022-02-26 20:15:00'),
(108, 2, 17, 10, NULL, NULL, NULL, 4, 2, NULL, NULL, 0, 1, 0, '2022-02-27 22:30:00'),
(109, 1, 36, 2, NULL, NULL, NULL, 5, 4, NULL, NULL, 1, 0, 1, '2022-02-28 23:45:00'),
(110, 3, 45, 28, NULL, NULL, NULL, 1, 3, NULL, NULL, 0, 1, 0, '2022-03-01 01:00:00'),
(111, 2, 3, 47, NULL, NULL, NULL, 2, 5, NULL, NULL, 1, 0, 1, '2022-03-02 03:15:00'),
(112, 1, 8, 16, NULL, NULL, NULL, 3, 2, NULL, NULL, 0, 1, 0, '2022-03-03 05:30:00'),
(113, 3, 22, 41, NULL, NULL, NULL, 4, 4, NULL, NULL, 1, 0, 1, '2022-03-04 07:45:00'),
(114, 2, 39, 12, NULL, NULL, NULL, 5, 3, NULL, NULL, 0, 1, 0, '2022-03-05 09:00:00'),
(115, 1, 32, 6, NULL, NULL, NULL, 1, 4, NULL, NULL, 1, 0, 1, '2022-03-06 11:15:00'),
(116, 3, 19, 33, NULL, NULL, NULL, 2, 2, NULL, NULL, 0, 1, 0, '2022-03-07 13:30:00'),
(117, 2, 46, 26, NULL, NULL, NULL, 3, 5, NULL, NULL, 1, 0, 1, '2022-03-08 15:45:00'),
(118, 1, 14, 43, NULL, NULL, NULL, 4, 3, NULL, NULL, 0, 1, 0, '2022-03-09 18:00:00'),
(119, 3, 30, 9, NULL, NULL, NULL, 5, 2, NULL, NULL, 1, 0, 1, '2022-03-10 20:15:00'),
(120, 2, 1, 34, NULL, NULL, NULL, 1, 4, NULL, NULL, 0, 1, 0, '2022-03-11 22:30:00'),
(121, 1, 40, 18, NULL, NULL, NULL, 2, 3, NULL, NULL, 1, 0, 1, '2022-03-12 00:45:00'),
(122, 3, 25, 4, NULL, NULL, NULL, 3, 5, NULL, NULL, 0, 1, 0, '2022-03-13 03:00:00'),
(123, 2, 11, 49, NULL, NULL, NULL, 4, 2, NULL, NULL, 1, 0, 1, '2022-03-14 05:15:00'),
(124, 1, 37, 27, NULL, NULL, NULL, 5, 4, NULL, NULL, 0, 1, 0, '2022-03-15 07:30:00'),
(125, 3, 23, 14, NULL, NULL, NULL, 1, 3, NULL, NULL, 1, 0, 1, '2022-03-16 09:45:00'),
(126, 2, 50, 36, NULL, NULL, NULL, 2, 5, NULL, NULL, 0, 1, 0, '2022-03-17 12:00:00'),
(127, 1, 21, 8, NULL, NULL, NULL, 3, 2, NULL, NULL, 1, 0, 1, '2022-03-18 14:15:00'),
(128, 3, 47, 19, NULL, NULL, NULL, 4, 4, NULL, NULL, 0, 1, 0, '2022-03-19 16:30:00'),
(129, 2, 4, 31, NULL, NULL, NULL, 5, 3, NULL, NULL, 1, 0, 1, '2022-03-20 18:45:00'),
(130, 1, 28, 21, NULL, NULL, NULL, 1, 2, NULL, NULL, 0, 1, 0, '2022-03-21 21:00:00'),
(131, 3, 16, 44, NULL, NULL, NULL, 2, 5, NULL, NULL, 1, 0, 1, '2022-03-22 23:15:00'),
(132, 2, 9, 29, NULL, NULL, NULL, 3, 4, NULL, NULL, 0, 1, 0, '2022-03-23 01:30:00'),
(133, 1, 38, 1, NULL, NULL, NULL, 4, 3, NULL, NULL, 1, 0, 1, '2022-03-24 03:45:00'),
(134, 3, 5, 17, NULL, NULL, NULL, 5, 2, NULL, NULL, 0, 1, 0, '2022-03-25 06:00:00'),
(135, 2, 22, 40, NULL, NULL, NULL, 1, 4, NULL, NULL, 1, 0, 1, '2022-03-26 08:15:00'),
(136, 1, 10, 26, NULL, NULL, NULL, 2, 3, NULL, NULL, 0, 1, 0, '2022-03-27 10:30:00'),
(137, 3, 35, 15, NULL, NULL, NULL, 3, 5, NULL, NULL, 1, 0, 1, '2022-03-28 12:45:00'),
(138, 2, 20, 42, NULL, NULL, NULL, 4, 2, NULL, NULL, 0, 1, 0, '2022-03-29 15:00:00'),
(139, 1, 48, 7, NULL, NULL, NULL, 5, 4, NULL, NULL, 1, 0, 1, '2022-03-30 17:15:00'),
(140, 3, 13, 31, NULL, NULL, NULL, 1, 3, NULL, NULL, 0, 1, 0, '2022-03-31 19:30:00'),
(141, 2, 29, 20, NULL, NULL, NULL, 2, 5, NULL, NULL, 1, 0, 1, '2022-04-01 21:45:00'),
(142, 1, 17, 10, NULL, NULL, NULL, 3, 2, NULL, NULL, 0, 1, 0, '2022-04-02 00:00:00'),
(143, 3, 36, 2, NULL, NULL, NULL, 4, 4, NULL, NULL, 1, 0, 1, '2022-04-03 02:15:00'),
(144, 2, 45, 28, NULL, NULL, NULL, 5, 3, NULL, NULL, 0, 1, 0, '2022-04-04 04:30:00'),
(145, 1, 3, 47, NULL, NULL, NULL, 1, 2, NULL, NULL, 1, 0, 1, '2022-04-05 06:45:00'),
(146, 3, 8, 16, NULL, NULL, NULL, 2, 5, NULL, NULL, 0, 1, 0, '2022-04-06 09:00:00'),
(147, 2, 22, 41, NULL, NULL, NULL, 3, 3, NULL, NULL, 1, 0, 1, '2022-04-07 11:15:00'),
(148, 1, 30, 9, NULL, NULL, NULL, 4, 5, NULL, NULL, 0, 1, 0, '2022-04-08 13:30:00'),
(149, 3, 1, 34, NULL, NULL, NULL, 5, 2, NULL, NULL, 1, 0, 1, '2022-04-09 15:45:00'),
(150, 2, 40, 18, NULL, NULL, NULL, 1, 4, NULL, NULL, 0, 1, 0, '2022-04-10 18:00:00'),
(151, 1, 10, 25, NULL, NULL, NULL, 3, 4, NULL, NULL, 1, 0, 1, '2022-04-11 08:30:00'), 
(152, 2, 35, 15, NULL, NULL, NULL, 2, 5, NULL, NULL, 0, 1, 0, '2022-04-12 10:45:00'),
(153, 3, 20, 42, NULL, NULL, NULL, 4, 3, NULL, NULL, 1, 0, 1, '2022-04-13 12:15:00'),
(154, 1, 48, 7, NULL, NULL, NULL, 5, 2, NULL, NULL, 0, 1, 0, '2022-04-14 14:30:00'),
(155, 2, 13, 31, NULL, NULL, NULL, 1, 5, NULL, NULL, 1, 0, 1, '2022-04-15 16:45:00'),
(156, 3, 5, 38, NULL, NULL, NULL, 2, 4, NULL, NULL, 0, 1, 0, '2022-04-16 18:00:00'),
(157, 1, 29, 20, NULL, NULL, NULL, 3, 3, NULL, NULL, 1, 0, 1, '2022-04-17 20:15:00'),
(158, 2, 17, 10, NULL, NULL, NULL, 4, 2, NULL, NULL, 0, 1, 0, '2022-04-18 22:30:00'),
(159, 1, 36, 2, NULL, NULL, NULL, 5, 4, NULL, NULL, 1, 0, 1, '2022-04-19 23:45:00'),
(160, 3, 45, 28, NULL, NULL, NULL, 1, 3, NULL, NULL, 0, 1, 0, '2022-04-20 01:00:00'),
(161, 2, 3, 47, NULL, NULL, NULL, 2, 5, NULL, NULL, 1, 0, 1, '2022-04-21 03:15:00'),
(162, 1, 8, 16, NULL, NULL, NULL, 3, 2, NULL, NULL, 0, 1, 0, '2022-04-22 05:30:00'),
(163, 3, 22, 41, NULL, NULL, NULL, 4, 4, NULL, NULL, 1, 0, 1, '2022-04-23 07:45:00'),
(164, 2, 39, 12, NULL, NULL, NULL, 5, 3, NULL, NULL, 0, 1, 0, '2022-04-24 09:00:00'),
(165, 1, 32, 6, NULL, NULL, NULL, 1, 4, NULL, NULL, 1, 0, 1, '2022-04-25 11:15:00'),
(166, 3, 19, 33, NULL, NULL, NULL, 2, 2, NULL, NULL, 0, 1, 0, '2022-04-26 13:30:00'),
(167, 2, 46, 26, NULL, NULL, NULL, 3, 5, NULL, NULL, 1, 0, 1, '2022-04-27 15:45:00'),
(168, 1, 14, 43, NULL, NULL, NULL, 4, 3, NULL, NULL, 0, 1, 0, '2022-04-28 18:00:00'),
(169, 3, 30, 9, NULL, NULL, NULL, 5, 2, NULL, NULL, 1, 0, 1, '2022-04-29 20:15:00'),
(170, 2, 1, 34, NULL, NULL, NULL, 1, 4, NULL, NULL, 0, 1, 0, '2022-04-30 22:30:00'),
(171, 1, 40, 18, NULL, NULL, NULL, 2, 3, NULL, NULL, 1, 0, 1, '2022-05-01 00:45:00'),
(172, 3, 25, 4, NULL, NULL, NULL, 3, 5, NULL, NULL, 0, 1, 0, '2022-05-02 03:00:00'),
(173, 2, 11, 49, NULL, NULL, NULL, 4, 2, NULL, NULL, 1, 0, 1, '2022-05-03 05:15:00'),
(174, 1, 37, 27, NULL, NULL, NULL, 5, 4, NULL, NULL, 0, 1, 0, '2022-05-04 07:30:00'),
(175, 3, 23, 14, NULL, NULL, NULL, 1, 3, NULL, NULL, 1, 0, 1, '2022-05-05 09:45:00'),
(176, 2, 50, 36, NULL, NULL, NULL, 2, 5, NULL, NULL, 0, 1, 0, '2022-05-06 12:00:00'),
(177, 1, 21, 8, NULL, NULL, NULL, 3, 2, NULL, NULL, 1, 0, 1, '2022-05-07 14:15:00'),
(178, 3, 47, 19, NULL, NULL, NULL, 4, 4, NULL, NULL, 0, 1, 0, '2022-05-08 16:30:00'),
(179, 2, 4, 31, NULL, NULL, NULL, 5, 3, NULL, NULL, 1, 0, 1, '2022-05-09 18:45:00'),
(180, 1, 28, 21, NULL, NULL, NULL, 1, 2, NULL, NULL, 0, 1, 0, '2022-05-10 21:00:00'),
(181, 3, 16, 44, NULL, NULL, NULL, 2, 5, NULL, NULL, 1, 0, 1, '2022-05-11 23:15:00'),
(182, 2, 9, 29, NULL, NULL, NULL, 3, 4, NULL, NULL, 0, 1, 0, '2022-05-12 01:30:00'),
(183, 1, 38, 1, NULL, NULL, NULL, 4, 3, NULL, NULL, 1, 0, 1, '2022-05-13 03:45:00'),
(184, 3, 5, 17, NULL, NULL, NULL, 5, 2, NULL, NULL, 0, 1, 0, '2022-05-14 06:00:00'),
(185, 2, 22, 40, NULL, NULL, NULL, 1, 4, NULL, NULL, 1, 0, 1, '2022-05-15 08:15:00'),
(186, 1, 10, 26, NULL, NULL, NULL, 2, 3, NULL, NULL, 0, 1, 0, '2022-05-16 10:30:00'),
(187, 3, 35, 15, NULL, NULL, NULL, 3, 5, NULL, NULL, 1, 0, 1, '2022-05-17 12:45:00'),
(188, 2, 20, 42, NULL, NULL, NULL, 4, 2, NULL, NULL, 0, 1, 0, '2022-05-18 15:00:00'),
(189, 1, 48, 7, NULL, NULL, NULL, 5, 4, NULL, NULL, 1, 0, 1, '2022-05-19 17:15:00'),
(190, 3, 13, 31, NULL, NULL, NULL, 1, 3, NULL, NULL, 0, 1, 0, '2022-05-20 19:30:00'),
(191, 2, 29, 20, NULL, NULL, NULL, 2, 5, NULL, NULL, 1, 0, 1, '2022-05-21 21:45:00'),
(192, 1, 17, 10, NULL, NULL, NULL, 3, 2, NULL, NULL, 0, 1, 0, '2022-05-22 00:00:00'),
(193, 3, 36, 2, NULL, NULL, NULL, 4, 4, NULL, NULL, 1, 0, 1, '2022-05-23 02:15:00'),
(194, 2, 45, 28, NULL, NULL, NULL, 5, 3, NULL, NULL, 0, 1, 0, '2022-05-24 04:30:00'),
(195, 1, 3, 47, NULL, NULL, NULL, 1, 2, NULL, NULL, 1, 0, 1, '2022-05-25 06:45:00'),
(196, 3, 8, 16, NULL, NULL, NULL, 2, 5, NULL, NULL, 0, 1, 0, '2022-05-26 09:00:00'),
(197, 2, 22, 41, NULL, NULL, NULL, 3, 3, NULL, NULL, 1, 0, 1, '2022-05-27 11:15:00'),
(198, 1, 30, 9, NULL, NULL, NULL, 4, 5, NULL, NULL, 0, 1, 0, '2022-05-28 13:30:00'),
(199, 3, 1, 34, NULL, NULL, NULL, 5, 2, NULL, NULL, 1, 0, 1, '2022-05-29 15:45:00'),
(200, 2, 40, 18, NULL, NULL, NULL, 1, 4, NULL, NULL, 0, 1, 0, '2022-05-30 18:00:00'),
(201, 1, 10, 25, NULL, NULL, NULL, 3, 4, NULL, NULL, 1, 0, 1, '2022-05-31 08:30:00'), 
(202, 2, 35, 15, NULL, NULL, NULL, 2, 5, NULL, NULL, 0, 1, 0, '2022-06-01 10:45:00'),
(203, 3, 20, 42, NULL, NULL, NULL, 4, 3, NULL, NULL, 1, 0, 1, '2022-06-02 12:15:00'),
(204, 1, 48, 7, NULL, NULL, NULL, 5, 2, NULL, NULL, 0, 1, 0, '2022-06-03 14:30:00'),
(205, 2, 13, 31, NULL, NULL, NULL, 1, 5, NULL, NULL, 1, 0, 1, '2022-06-04 16:45:00'),
(206, 3, 5, 38, NULL, NULL, NULL, 2, 4, NULL, NULL, 0, 1, 0, '2022-06-05 18:00:00'),
(207, 1, 29, 20, NULL, NULL, NULL, 3, 3, NULL, NULL, 1, 0, 1, '2022-06-06 20:15:00'),
(208, 2, 17, 10, NULL, NULL, NULL, 4, 2, NULL, NULL, 0, 1, 0, '2022-06-07 22:30:00'),
(209, 1, 36, 2, NULL, NULL, NULL, 5, 4, NULL, NULL, 1, 0, 1, '2022-06-08 23:45:00'),
(210, 3, 45, 28, NULL, NULL, NULL, 1, 3, NULL, NULL, 0, 1, 0, '2022-06-09 01:00:00'),
(211, 2, 3, 47, NULL, NULL, NULL, 2, 5, NULL, NULL, 1, 0, 1, '2022-06-10 03:15:00'),
(212, 1, 8, 16, NULL, NULL, NULL, 3, 2, NULL, NULL, 0, 1, 0, '2022-06-11 05:30:00'),
(213, 3, 22, 41, NULL, NULL, NULL, 4, 4, NULL, NULL, 1, 0, 1, '2022-06-12 07:45:00'),
(214, 2, 39, 12, NULL, NULL, NULL, 5, 3, NULL, NULL, 0, 1, 0, '2022-06-13 09:00:00'),
(215, 1, 32, 6, NULL, NULL, NULL, 1, 4, NULL, NULL, 1, 0, 1, '2022-06-14 11:15:00'),
(216, 3, 19, 33, NULL, NULL, NULL, 2, 2, NULL, NULL, 0, 1, 0, '2022-06-15 13:30:00'),
(217, 2, 46, 26, NULL, NULL, NULL, 3, 5, NULL, NULL, 1, 0, 1, '2022-06-16 15:45:00'),
(218, 1, 14, 43, NULL, NULL, NULL, 4, 3, NULL, NULL, 0, 1, 0, '2022-06-17 18:00:00'),
(219, 3, 30, 9, NULL, NULL, NULL, 5, 2, NULL, NULL, 1, 0, 1, '2022-06-18 20:15:00'),
(220, 2, 1, 34, NULL, NULL, NULL, 1, 4, NULL, NULL, 0, 1, 0, '2022-06-19 22:30:00'),
(221, 1, 40, 18, NULL, NULL, NULL, 2, 3, NULL, NULL, 1, 0, 1, '2022-06-20 00:45:00'),
(222, 3, 25, 4, NULL, NULL, NULL, 3, 5, NULL, NULL, 0, 1, 0, '2022-06-21 03:00:00'),
(223, 2, 11, 49, NULL, NULL, NULL, 4, 2, NULL, NULL, 1, 0, 1, '2022-06-22 05:15:00'),
(224, 1, 37, 27, NULL, NULL, NULL, 5, 4, NULL, NULL, 0, 1, 0, '2022-06-23 07:30:00'),
(225, 3, 23, 14, NULL, NULL, NULL, 1, 3, NULL, NULL, 1, 0, 1, '2022-06-24 09:45:00'),
(226, 2, 50, 36, NULL, NULL, NULL, 2, 5, NULL, NULL, 0, 1, 0, '2022-06-25 12:00:00'),
(227, 1, 21, 8, NULL, NULL, NULL, 3, 2, NULL, NULL, 1, 0, 1, '2022-06-26 14:15:00'),
(228, 3, 47, 19, NULL, NULL, NULL, 4, 4, NULL, NULL, 0, 1, 0, '2022-06-27 16:30:00'),
(229, 2, 4, 31, NULL, NULL, NULL, 5, 3, NULL, NULL, 1, 0, 1, '2022-06-28 18:45:00'),
(230, 1, 28, 21, NULL, NULL, NULL, 1, 2, NULL, NULL, 0, 1, 0, '2022-06-29 21:00:00'),
(231, 3, 16, 44, NULL, NULL, NULL, 2, 5, NULL, NULL, 1, 0, 1, '2022-06-30 23:15:00'),
(232, 2, 9, 29, NULL, NULL, NULL, 3, 4, NULL, NULL, 0, 1, 0, '2022-07-01 01:30:00'),
(233, 1, 38, 1, NULL, NULL, NULL, 4, 3, NULL, NULL, 1, 0, 1, '2022-07-02 03:45:00'),
(234, 3, 5, 17, NULL, NULL, NULL, 5, 2, NULL, NULL, 0, 1, 0, '2022-07-03 06:00:00'),
(235, 2, 22, 40, NULL, NULL, NULL, 1, 4, NULL, NULL, 1, 0, 1, '2022-07-04 08:15:00'),
(236, 1, 10, 26, NULL, NULL, NULL, 2, 3, NULL, NULL, 0, 1, 0, '2022-07-05 10:30:00'),
(237, 3, 35, 15, NULL, NULL, NULL, 3, 5, NULL, NULL, 1, 0, 1, '2022-07-06 12:45:00'),
(238, 2, 20, 42, NULL, NULL, NULL, 4, 2, NULL, NULL, 0, 1, 0, '2022-07-07 15:00:00'),
(239, 1, 48, 7, NULL, NULL, NULL, 5, 4, NULL, NULL, 1, 0, 1, '2022-07-08 17:15:00'),
(240, 3, 13, 31, NULL, NULL, NULL, 1, 3, NULL, NULL, 0, 1, 0, '2022-07-09 19:30:00'),
(241, 2, 29, 20, NULL, NULL, NULL, 2, 5, NULL, NULL, 1, 0, 1, '2022-07-10 21:45:00'),
(242, 1, 17, 10, NULL, NULL, NULL, 3, 2, NULL, NULL, 0, 1, 0, '2022-07-11 00:00:00'),
(243, 3, 36, 2, NULL, NULL, NULL, 4, 4, NULL, NULL, 1, 0, 1, '2022-07-12 02:15:00'),
(244, 2, 45, 28, NULL, NULL, NULL, 5, 3, NULL, NULL, 0, 1, 0, '2022-07-13 04:30:00'),
(245, 1, 3, 47, NULL, NULL, NULL, 1, 2, NULL, NULL, 1, 0, 1, '2022-07-14 06:45:00'),
(246, 3, 8, 16, NULL, NULL, NULL, 2, 5, NULL, NULL, 0, 1, 0, '2022-07-15 09:00:00'),
(247, 2, 22, 41, NULL, NULL, NULL, 3, 3, NULL, NULL, 1, 0, 1, '2022-07-16 11:15:00'),
(248, 1, 30, 9, NULL, NULL, NULL, 4, 5, NULL, NULL, 0, 1, 0, '2022-07-17 13:30:00'),
(249, 3, 1, 34, NULL, NULL, NULL, 5, 2, NULL, NULL, 1, 0, 1, '2022-07-18 15:45:00'),
(250, 2, 40, 18, NULL, NULL, NULL, 1, 4, NULL, NULL, 0, 1, 0, '2022-07-19 18:00:00'),
(251, 1, 10, 25, NULL, NULL, NULL, 3, 4, NULL, NULL, 1, 0, 1, '2022-07-20 08:30:00'), 
(252, 2, 35, 15, NULL, NULL, NULL, 2, 5, NULL, NULL, 0, 1, 0, '2022-07-21 10:45:00'),
(253, 3, 20, 42, NULL, NULL, NULL, 4, 3, NULL, NULL, 1, 0, 1, '2022-07-22 12:15:00'),
(254, 1, 48, 7, NULL, NULL, NULL, 5, 2, NULL, NULL, 0, 1, 0, '2022-07-23 14:30:00'),
(255, 2, 13, 31, NULL, NULL, NULL, 1, 5, NULL, NULL, 1, 0, 1, '2022-07-24 16:45:00'),
(256, 3, 5, 38, NULL, NULL, NULL, 2, 4, NULL, NULL, 0, 1, 0, '2022-07-25 18:00:00'),
(257, 1, 29, 20, NULL, NULL, NULL, 3, 3, NULL, NULL, 1, 0, 1, '2022-07-26 20:15:00'),
(258, 2, 17, 10, NULL, NULL, NULL, 4, 2, NULL, NULL, 0, 1, 0, '2022-07-27 22:30:00'),
(259, 1, 36, 2, NULL, NULL, NULL, 5, 4, NULL, NULL, 1, 0, 1, '2022-07-28 23:45:00'),
(260, 3, 45, 28, NULL, NULL, NULL, 1, 3, NULL, NULL, 0, 1, 0, '2022-07-29 01:00:00'),
(261, 2, 3, 47, NULL, NULL, NULL, 2, 5, NULL, NULL, 1, 0, 1, '2022-07-30 03:15:00'),
(262, 1, 8, 16, NULL, NULL, NULL, 3, 2, NULL, NULL, 0, 1, 0, '2022-07-31 05:30:00'),
(263, 3, 22, 41, NULL, NULL, NULL, 4, 4, NULL, NULL, 1, 0, 1, '2022-08-01 07:45:00'),
(264, 2, 39, 12, NULL, NULL, NULL, 5, 3, NULL, NULL, 0, 1, 0, '2022-08-02 09:00:00'),
(265, 1, 32, 6, NULL, NULL, NULL, 1, 4, NULL, NULL, 1, 0, 1, '2022-08-03 11:15:00'),
(266, 3, 19, 33, NULL, NULL, NULL, 2, 2, NULL, NULL, 0, 1, 0, '2022-08-04 13:30:00'),
(267, 2, 46, 26, NULL, NULL, NULL, 3, 5, NULL, NULL, 1, 0, 1, '2022-08-05 15:45:00'),
(268, 1, 14, 43, NULL, NULL, NULL, 4, 3, NULL, NULL, 0, 1, 0, '2022-08-06 18:00:00'),
(269, 3, 30, 9, NULL, NULL, NULL, 5, 2, NULL, NULL, 1, 0, 1, '2022-08-07 20:15:00'),
(270, 2, 1, 34, NULL, NULL, NULL, 1, 4, NULL, NULL, 0, 1, 0, '2022-08-08 22:30:00'),
(271, 1, 40, 18, NULL, NULL, NULL, 2, 3, NULL, NULL, 1, 0, 1, '2022-08-09 00:45:00'),
(272, 3, 25, 4, NULL, NULL, NULL, 3, 5, NULL, NULL, 0, 1, 0, '2022-08-10 03:00:00'),
(273, 2, 11, 49, NULL, NULL, NULL, 4, 2, NULL, NULL, 1, 0, 1, '2022-08-11 05:15:00'),
(274, 1, 37, 27, NULL, NULL, NULL, 5, 4, NULL, NULL, 0, 1, 0, '2022-08-12 07:30:00'),
(275, 3, 23, 14, NULL, NULL, NULL, 1, 3, NULL, NULL, 1, 0, 1, '2022-08-13 09:45:00'),
(276, 2, 50, 36, NULL, NULL, NULL, 2, 5, NULL, NULL, 0, 1, 0, '2022-08-14 12:00:00'),
(277, 1, 21, 8, NULL, NULL, NULL, 3, 2, NULL, NULL, 1, 0, 1, '2022-08-15 14:15:00'),
(278, 3, 47, 19, NULL, NULL, NULL, 4, 4, NULL, NULL, 0, 1, 0, '2022-08-16 16:30:00'),
(279, 2, 4, 31, NULL, NULL, NULL, 5, 3, NULL, NULL, 1, 0, 1, '2022-08-17 18:45:00'),
(280, 1, 28, 21, NULL, NULL, NULL, 1, 2, NULL, NULL, 0, 1, 0, '2022-08-18 21:00:00'),
(281, 3, 16, 44, NULL, NULL, NULL, 2, 5, NULL, NULL, 1, 0, 1, '2022-08-19 23:15:00'),
(282, 2, 9, 29, NULL, NULL, NULL, 3, 4, NULL, NULL, 0, 1, 0, '2022-08-20 01:30:00'),
(283, 1, 38, 1, NULL, NULL, NULL, 4, 3, NULL, NULL, 1, 0, 1, '2022-08-21 03:45:00'),
(284, 3, 5, 17, NULL, NULL, NULL, 5, 2, NULL, NULL, 0, 1, 0, '2022-08-22 06:00:00'),
(285, 2, 22, 40, NULL, NULL, NULL, 1, 4, NULL, NULL, 1, 0, 1, '2022-08-23 08:15:00'),
(286, 1, 10, 26, NULL, NULL, NULL, 2, 3, NULL, NULL, 0, 1, 0, '2022-08-24 10:30:00'),
(287, 3, 35, 15, NULL, NULL, NULL, 3, 5, NULL, NULL, 1, 0, 1, '2022-08-25 12:45:00'),
(288, 2, 20, 42, NULL, NULL, NULL, 4, 2, NULL, NULL, 0, 1, 0, '2022-08-26 15:00:00'),
(289, 1, 48, 7, NULL, NULL, NULL, 5, 4, NULL, NULL, 1, 0, 1, '2022-08-27 17:15:00'),
(290, 3, 13, 31, NULL, NULL, NULL, 1, 3, NULL, NULL, 0, 1, 0, '2022-08-28 19:30:00'),
(291, 2, 29, 20, NULL, NULL, NULL, 2, 5, NULL, NULL, 1, 0, 1, '2022-08-29 21:45:00'),
(292, 1, 17, 10, NULL, NULL, NULL, 3, 2, NULL, NULL, 0, 1, 0, '2022-08-30 00:00:00'),
(293, 3, 36, 2, NULL, NULL, NULL, 4, 4, NULL, NULL, 1, 0, 1, '2022-08-31 02:15:00'),
(294, 2, 45, 28, NULL, NULL, NULL, 5, 3, NULL, NULL, 0, 1, 0, '2022-09-01 04:30:00'),
(295, 1, 3, 47, NULL, NULL, NULL, 1, 2, NULL, NULL, 1, 0, 1, '2022-09-02 06:45:00'),
(296, 3, 8, 16, NULL, NULL, NULL, 2, 5, NULL, NULL, 0, 1, 0, '2022-09-03 09:00:00'),
(297, 2, 22, 41, NULL, NULL, NULL, 3, 3, NULL, NULL, 1, 0, 1, '2022-09-04 11:15:00'),
(298, 1, 30, 9, NULL, NULL, NULL, 4, 5, NULL, NULL, 0, 1, 0, '2022-09-05 13:30:00'),
(299, 3, 1, 34, NULL, NULL, NULL, 5, 2, NULL, NULL, 1, 0, 1, '2022-09-06 15:45:00'),
(300, 2, 40, 18, NULL, NULL, NULL, 1, 4, NULL, NULL, 0, 1, 0, '2022-09-07 18:00:00'),
(301, 1, 10, 25, NULL, NULL, NULL, 3, 4, NULL, NULL, 1, 0, 1, '2022-09-08 08:30:00'), 
(302, 2, 35, 15, NULL, NULL, NULL, 2, 5, NULL, NULL, 0, 1, 0, '2022-09-09 10:45:00'),
(303, 3, 20, 42, NULL, NULL, NULL, 4, 3, NULL, NULL, 1, 0, 1, '2022-09-10 12:15:00'),
(304, 1, 48, 7, NULL, NULL, NULL, 5, 2, NULL, NULL, 0, 1, 0, '2022-09-11 14:30:00'),
(305, 2, 13, 31, NULL, NULL, NULL, 1, 5, NULL, NULL, 1, 0, 1, '2022-09-12 16:45:00'),
(306, 3, 5, 38, NULL, NULL, NULL, 2, 4, NULL, NULL, 0, 1, 0, '2022-09-13 18:00:00'),
(307, 1, 29, 20, NULL, NULL, NULL, 3, 3, NULL, NULL, 1, 0, 1, '2022-09-14 20:15:00'),
(308, 2, 17, 10, NULL, NULL, NULL, 4, 2, NULL, NULL, 0, 1, 0, '2022-09-15 22:30:00'),
(309, 1, 36, 2, NULL, NULL, NULL, 5, 4, NULL, NULL, 1, 0, 1, '2022-09-16 23:45:00'),
(310, 3, 45, 28, NULL, NULL, NULL, 1, 3, NULL, NULL, 0, 1, 0, '2022-09-17 01:00:00'),
(311, 2, 3, 47, NULL, NULL, NULL, 2, 5, NULL, NULL, 1, 0, 1, '2022-09-18 03:15:00'),
(312, 1, 8, 16, NULL, NULL, NULL, 3, 2, NULL, NULL, 0, 1, 0, '2022-09-19 05:30:00'),
(313, 3, 22, 41, NULL, NULL, NULL, 4, 4, NULL, NULL, 1, 0, 1, '2022-09-20 07:45:00'),
(314, 2, 39, 12, NULL, NULL, NULL, 5, 3, NULL, NULL, 0, 1, 0, '2022-09-21 09:00:00'),
(315, 1, 32, 6, NULL, NULL, NULL, 1, 4, NULL, NULL, 1, 0, 1, '2022-09-22 11:15:00'),
(316, 3, 19, 33, NULL, NULL, NULL, 2, 2, NULL, NULL, 0, 1, 0, '2022-09-23 13:30:00'),
(317, 2, 46, 26, NULL, NULL, NULL, 3, 5, NULL, NULL, 1, 0, 1, '2022-09-24 15:45:00'),
(318, 1, 14, 43, NULL, NULL, NULL, 4, 3, NULL, NULL, 0, 1, 0, '2022-09-25 18:00:00'),
(319, 3, 30, 9, NULL, NULL, NULL, 5, 2, NULL, NULL, 1, 0, 1, '2022-09-26 20:15:00'),
(320, 2, 1, 34, NULL, NULL, NULL, 1, 4, NULL, NULL, 0, 1, 0, '2022-09-27 22:30:00'),
(321, 1, 40, 18, NULL, NULL, NULL, 2, 3, NULL, NULL, 1, 0, 1, '2022-09-28 00:45:00'),
(322, 3, 25, 4, NULL, NULL, NULL, 3, 5, NULL, NULL, 0, 1, 0, '2022-09-29 03:00:00'),
(323, 2, 11, 49, NULL, NULL, NULL, 4, 2, NULL, NULL, 1, 0, 1, '2022-09-30 05:15:00'),
(324, 1, 37, 27, NULL, NULL, NULL, 5, 4, NULL, NULL, 0, 1, 0, '2022-10-01 07:30:00'),
(325, 3, 23, 14, NULL, NULL, NULL, 1, 3, NULL, NULL, 1, 0, 1, '2022-10-02 09:45:00'),
(326, 2, 50, 36, NULL, NULL, NULL, 2, 5, NULL, NULL, 0, 1, 0, '2022-10-03 12:00:00'),
(327, 1, 21, 8, NULL, NULL, NULL, 3, 2, NULL, NULL, 1, 0, 1, '2022-10-04 14:15:00'),
(328, 3, 47, 19, NULL, NULL, NULL, 4, 4, NULL, NULL, 0, 1, 0, '2022-10-05 16:30:00'),
(329, 2, 4, 31, NULL, NULL, NULL, 5, 3, NULL, NULL, 1, 0, 1, '2022-10-06 18:45:00'),
(330, 1, 28, 21, NULL, NULL, NULL, 1, 2, NULL, NULL, 0, 1, 0, '2022-10-07 21:00:00'),
(331, 3, 16, 44, NULL, NULL, NULL, 2, 5, NULL, NULL, 1, 0, 1, '2022-10-08 23:15:00'),
(332, 2, 9, 29, NULL, NULL, NULL, 3, 4, NULL, NULL, 0, 1, 0, '2022-10-09 01:30:00'),
(333, 1, 38, 1, NULL, NULL, NULL, 4, 3, NULL, NULL, 1, 0, 1, '2022-10-10 03:45:00'),
(334, 3, 5, 17, NULL, NULL, NULL, 5, 2, NULL, NULL, 0, 1, 0, '2022-10-11 06:00:00'),
(335, 2, 22, 40, NULL, NULL, NULL, 1, 4, NULL, NULL, 1, 0, 1, '2022-10-12 08:15:00'),
(336, 1, 10, 26, NULL, NULL, NULL, 2, 3, NULL, NULL, 0, 1, 0, '2022-10-13 10:30:00'),
(337, 3, 35, 15, NULL, NULL, NULL, 3, 5, NULL, NULL, 1, 0, 1, '2022-10-14 12:45:00'),
(338, 2, 20, 42, NULL, NULL, NULL, 4, 2, NULL, NULL, 0, 1, 0, '2022-10-15 15:00:00'),
(339, 1, 48, 7, NULL, NULL, NULL, 5, 4, NULL, NULL, 1, 0, 1, '2022-10-16 17:15:00'),
(340, 3, 13, 31, NULL, NULL, NULL, 1, 3, NULL, NULL, 0, 1, 0, '2022-10-17 19:30:00'),
(341, 2, 29, 20, NULL, NULL, NULL, 2, 5, NULL, NULL, 1, 0, 1, '2022-10-18 21:45:00'),
(342, 1, 17, 10, NULL, NULL, NULL, 3, 2, NULL, NULL, 0, 1, 0, '2022-10-19 00:00:00'),
(343, 3, 36, 2, NULL, NULL, NULL, 4, 4, NULL, NULL, 1, 0, 1, '2022-10-20 02:15:00'),
(344, 2, 45, 28, NULL, NULL, NULL, 5, 3, NULL, NULL, 0, 1, 0, '2022-10-21 04:30:00'),
(345, 1, 3, 47, NULL, NULL, NULL, 1, 2, NULL, NULL, 1, 0, 1, '2022-10-22 06:45:00'),
(346, 3, 8, 16, NULL, NULL, NULL, 2, 5, NULL, NULL, 0, 1, 0, '2022-10-23 09:00:00'),
(347, 2, 22, 41, NULL, NULL, NULL, 3, 3, NULL, NULL, 1, 0, 1, '2022-10-24 11:15:00'),
(348, 1, 30, 9, NULL, NULL, NULL, 4, 5, NULL, NULL, 0, 1, 0, '2022-10-25 13:30:00'),
(349, 3, 1, 34, NULL, NULL, NULL, 5, 2, NULL, NULL, 1, 0, 1, '2022-10-26 15:45:00'),
(350, 2, 40, 18, NULL, NULL, NULL, 1, 4, NULL, NULL, 0, 1, 0, '2022-10-27 18:00:00'),
(351, 1, 10, 25, NULL, NULL, NULL, 3, 4, NULL, NULL, 1, 0, 1, '2022-10-28 08:30:00'), 
(352, 2, 35, 15, NULL, NULL, NULL, 2, 5, NULL, NULL, 0, 1, 0, '2022-10-29 10:45:00'),
(353, 3, 20, 42, NULL, NULL, NULL, 4, 3, NULL, NULL, 1, 0, 1, '2022-10-30 12:15:00'),
(354, 1, 48, 7, NULL, NULL, NULL, 5, 2, NULL, NULL, 0, 1, 0, '2022-10-31 14:30:00'),
(355, 2, 13, 31, NULL, NULL, NULL, 1, 5, NULL, NULL, 1, 0, 1, '2022-11-01 16:45:00'),
(356, 3, 5, 38, NULL, NULL, NULL, 2, 4, NULL, NULL, 0, 1, 0, '2022-11-02 18:00:00'),
(357, 1, 29, 20, NULL, NULL, NULL, 3, 3, NULL, NULL, 1, 0, 1, '2022-11-03 20:15:00'),
(358, 2, 17, 10, NULL, NULL, NULL, 4, 2, NULL, NULL, 0, 1, 0, '2022-11-04 22:30:00'),
(359, 1, 36, 2, NULL, NULL, NULL, 5, 4, NULL, NULL, 1, 0, 1, '2022-11-05 23:45:00'),
(360, 3, 45, 28, NULL, NULL, NULL, 1, 3, NULL, NULL, 0, 1, 0, '2022-11-06 01:00:00'),
(361, 2, 3, 47, NULL, NULL, NULL, 2, 5, NULL, NULL, 1, 0, 1, '2022-11-07 03:15:00'),
(362, 1, 8, 16, NULL, NULL, NULL, 3, 2, NULL, NULL, 0, 1, 0, '2022-11-08 05:30:00'),
(363, 3, 22, 41, NULL, NULL, NULL, 4, 4, NULL, NULL, 1, 0, 1, '2022-11-09 07:45:00'),
(364, 2, 39, 12, NULL, NULL, NULL, 5, 3, NULL, NULL, 0, 1, 0, '2022-11-10 09:00:00'),
(365, 1, 32, 6, NULL, NULL, NULL, 1, 4, NULL, NULL, 1, 0, 1, '2022-11-11 11:15:00'),
(366, 3, 19, 33, NULL, NULL, NULL, 2, 2, NULL, NULL, 0, 1, 0, '2022-11-12 13:30:00'),
(367, 2, 46, 26, NULL, NULL, NULL, 3, 5, NULL, NULL, 1, 0, 1, '2022-11-13 15:45:00'),
(368, 1, 14, 43, NULL, NULL, NULL, 4, 3, NULL, NULL, 0, 1, 0, '2022-11-14 18:00:00'),
(369, 3, 30, 9, NULL, NULL, NULL, 5, 2, NULL, NULL, 1, 0, 1, '2022-11-15 20:15:00'),
(370, 2, 1, 34, NULL, NULL, NULL, 1, 4, NULL, NULL, 0, 1, 0, '2022-11-16 22:30:00'),
(371, 1, 40, 18, NULL, NULL, NULL, 2, 3, NULL, NULL, 1, 0, 1, '2022-11-17 00:45:00'),
(372, 3, 25, 4, NULL, NULL, NULL, 3, 5, NULL, NULL, 0, 1, 0, '2022-11-18 03:00:00'),
(373, 2, 11, 49, NULL, NULL, NULL, 4, 2, NULL, NULL, 1, 0, 1, '2022-11-19 05:15:00'),
(374, 1, 37, 27, NULL, NULL, NULL, 5, 4, NULL, NULL, 0, 1, 0, '2022-11-20 07:30:00'),
(375, 3, 23, 14, NULL, NULL, NULL, 1, 3, NULL, NULL, 1, 0, 1, '2022-11-21 09:45:00'),
(376, 2, 50, 36, NULL, NULL, NULL, 2, 5, NULL, NULL, 0, 1, 0, '2022-11-22 12:00:00'),
(377, 1, 21, 8, NULL, NULL, NULL, 3, 2, NULL, NULL, 1, 0, 1, '2022-11-23 14:15:00'),
(378, 3, 47, 19, NULL, NULL, NULL, 4, 4, NULL, NULL, 0, 1, 0, '2022-11-24 16:30:00'),
(379, 2, 4, 31, NULL, NULL, NULL, 5, 3, NULL, NULL, 1, 0, 1, '2022-11-25 18:45:00'),
(380, 1, 28, 21, NULL, NULL, NULL, 1, 2, NULL, NULL, 0, 1, 0, '2022-11-26 21:00:00'),
(381, 3, 16, 44, NULL, NULL, NULL, 2, 5, NULL, NULL, 1, 0, 1, '2022-11-27 23:15:00'),
(382, 2, 9, 29, NULL, NULL, NULL, 3, 4, NULL, NULL, 0, 1, 0, '2022-11-28 01:30:00'),
(383, 1, 38, 1, NULL, NULL, NULL, 4, 3, NULL, NULL, 1, 0, 1, '2022-11-29 03:45:00'),
(384, 3, 5, 17, NULL, NULL, NULL, 5, 2, NULL, NULL, 0, 1, 0, '2022-11-30 06:00:00'),
(385, 2, 22, 40, NULL, NULL, NULL, 1, 4, NULL, NULL, 1, 0, 1, '2022-12-01 08:15:00'),
(386, 1, 10, 26, NULL, NULL, NULL, 2, 3, NULL, NULL, 0, 1, 0, '2022-12-02 10:30:00'),
(387, 3, 35, 15, NULL, NULL, NULL, 3, 5, NULL, NULL, 1, 0, 1, '2022-12-03 12:45:00'),
(388, 2, 20, 42, NULL, NULL, NULL, 4, 2, NULL, NULL, 0, 1, 0, '2022-12-04 15:00:00'),
(389, 1, 48, 7, NULL, NULL, NULL, 5, 4, NULL, NULL, 1, 0, 1, '2022-12-05 17:15:00'),
(390, 3, 13, 31, NULL, NULL, NULL, 1, 3, NULL, NULL, 0, 1, 0, '2022-12-06 19:30:00'),
(391, 2, 29, 20, NULL, NULL, NULL, 2, 5, NULL, NULL, 1, 0, 1, '2022-12-07 21:45:00'),
(392, 1, 17, 10, NULL, NULL, NULL, 3, 2, NULL, NULL, 0, 1, 0, '2022-12-08 00:00:00'),
(393, 3, 36, 2, NULL, NULL, NULL, 4, 4, NULL, NULL, 1, 0, 1, '2022-12-09 02:15:00'),
(394, 2, 45, 28, NULL, NULL, NULL, 5, 3, NULL, NULL, 0, 1, 0, '2022-12-10 04:30:00'),
(395, 1, 3, 47, NULL, NULL, NULL, 1, 2, NULL, NULL, 1, 0, 1, '2022-12-11 06:45:00'),
(396, 3, 8, 16, NULL, NULL, NULL, 2, 5, NULL, NULL, 0, 1, 0, '2022-12-12 09:00:00'),
(397, 2, 22, 41, NULL, NULL, NULL, 3, 3, NULL, NULL, 1, 0, 1, '2022-12-13 11:15:00'),
(398, 1, 30, 9, NULL, NULL, NULL, 4, 5, NULL, NULL, 0, 1, 0, '2022-12-14 13:30:00'),
(399, 3, 1, 34, NULL, NULL, NULL, 5, 2, NULL, NULL, 1, 0, 1, '2022-12-15 15:45:00'),
(400, 2, 40, 18, NULL, NULL, NULL, 1, 4, NULL, NULL, 0, 1, 0, '2022-12-16 18:00:00'),
(401, 1, 10, 25, NULL, NULL, NULL, 3, 4, NULL, NULL, 1, 0, 1, '2022-12-17 08:30:00'), 
(402, 2, 35, 15, NULL, NULL, NULL, 2, 5, NULL, NULL, 0, 1, 0, '2022-12-18 10:45:00'),
(403, 3, 20, 42, NULL, NULL, NULL, 4, 3, NULL, NULL, 1, 0, 1, '2022-12-19 12:15:00'),
(404, 1, 48, 7, NULL, NULL, NULL, 5, 2, NULL, NULL, 0, 1, 0, '2022-12-20 14:30:00'),
(405, 2, 13, 31, NULL, NULL, NULL, 1, 5, NULL, NULL, 1, 0, 1, '2022-12-21 16:45:00'),
(406, 3, 5, 38, NULL, NULL, NULL, 2, 4, NULL, NULL, 0, 1, 0, '2022-12-22 18:00:00'),
(407, 1, 29, 20, NULL, NULL, NULL, 3, 3, NULL, NULL, 1, 0, 1, '2022-12-23 20:15:00'),
(408, 2, 17, 10, NULL, NULL, NULL, 4, 2, NULL, NULL, 0, 1, 0, '2022-12-24 22:30:00'),
(409, 1, 36, 2, NULL, NULL, NULL, 5, 4, NULL, NULL, 1, 0, 1, '2022-12-25 23:45:00'),
(410, 3, 45, 28, NULL, NULL, NULL, 1, 3, NULL, NULL, 0, 1, 0, '2022-12-26 01:00:00'),
(411, 2, 3, 47, NULL, NULL, NULL, 2, 5, NULL, NULL, 1, 0, 1, '2022-12-27 03:15:00'),
(412, 1, 8, 16, NULL, NULL, NULL, 3, 2, NULL, NULL, 0, 1, 0, '2022-12-28 05:30:00'),
(413, 3, 22, 41, NULL, NULL, NULL, 4, 4, NULL, NULL, 1, 0, 1, '2022-12-29 07:45:00'),
(414, 2, 39, 12, NULL, NULL, NULL, 5, 3, NULL, NULL, 0, 1, 0, '2022-12-30 09:00:00'),
(415, 1, 32, 6, NULL, NULL, NULL, 1, 4, NULL, NULL, 1, 0, 1, '2022-12-31 11:15:00'),
(416, 3, 19, 33, NULL, NULL, NULL, 2, 2, NULL, NULL, 0, 1, 0, '2023-01-01 13:30:00'),
(417, 2, 46, 26, NULL, NULL, NULL, 3, 5, NULL, NULL, 1, 0, 1, '2023-01-02 15:45:00'),
(418, 1, 14, 43, NULL, NULL, NULL, 4, 3, NULL, NULL, 0, 1, 0, '2023-01-03 18:00:00'),
(419, 3, 30, 9, NULL, NULL, NULL, 5, 2, NULL, NULL, 1, 0, 1, '2023-01-04 20:15:00'),
(420, 2, 1, 34, NULL, NULL, NULL, 1, 4, NULL, NULL, 0, 1, 0, '2023-01-05 22:30:00'),
(421, 1, 40, 18, NULL, NULL, NULL, 2, 3, NULL, NULL, 1, 0, 1, '2023-01-06 00:45:00'),
(422, 3, 25, 4, NULL, NULL, NULL, 3, 5, NULL, NULL, 0, 1, 0, '2023-01-07 03:00:00'),
(423, 2, 11, 49, NULL, NULL, NULL, 4, 2, NULL, NULL, 1, 0, 1, '2023-01-08 05:15:00'),
(424, 1, 37, 27, NULL, NULL, NULL, 5, 4, NULL, NULL, 0, 1, 0, '2023-01-09 07:30:00'),
(425, 3, 23, 14, NULL, NULL, NULL, 1, 3, NULL, NULL, 1, 0, 1, '2023-01-10 09:45:00'),
(426, 2, 50, 36, NULL, NULL, NULL, 2, 5, NULL, NULL, 0, 1, 0, '2023-01-11 12:00:00'),
(427, 1, 21, 8, NULL, NULL, NULL, 3, 2, NULL, NULL, 1, 0, 1, '2023-01-12 14:15:00'),
(428, 3, 47, 19, NULL, NULL, NULL, 4, 4, NULL, NULL, 0, 1, 0, '2023-01-13 16:30:00'),
(429, 2, 4, 31, NULL, NULL, NULL, 5, 3, NULL, NULL, 1, 0, 1, '2023-01-14 18:45:00'),
(430, 1, 28, 21, NULL, NULL, NULL, 1, 2, NULL, NULL, 0, 1, 0, '2023-01-15 21:00:00'),
(431, 3, 16, 44, NULL, NULL, NULL, 2, 5, NULL, NULL, 1, 0, 1, '2023-01-16 23:15:00'),
(432, 2, 9, 29, NULL, NULL, NULL, 3, 4, NULL, NULL, 0, 1, 0, '2023-01-17 01:30:00'),
(433, 1, 38, 1, NULL, NULL, NULL, 4, 3, NULL, NULL, 1, 0, 1, '2023-01-18 03:45:00'),
(434, 3, 5, 17, NULL, NULL, NULL, 5, 2, NULL, NULL, 0, 1, 0, '2023-01-19 06:00:00'),
(435, 2, 22, 40, NULL, NULL, NULL, 1, 4, NULL, NULL, 1, 0, 1, '2023-01-20 08:15:00'),
(436, 1, 10, 26, NULL, NULL, NULL, 2, 3, NULL, NULL, 0, 1, 0, '2023-01-21 10:30:00'),
(437, 3, 35, 15, NULL, NULL, NULL, 3, 5, NULL, NULL, 1, 0, 1, '2023-01-22 12:45:00'),
(438, 2, 20, 42, NULL, NULL, NULL, 4, 2, NULL, NULL, 0, 1, 0, '2023-01-23 15:00:00'),
(439, 1, 48, 7, NULL, NULL, NULL, 5, 4, NULL, NULL, 1, 0, 1, '2023-01-24 17:15:00'),
(440, 3, 13, 31, NULL, NULL, NULL, 1, 3, NULL, NULL, 0, 1, 0, '2023-01-25 19:30:00'),
(441, 2, 29, 20, NULL, NULL, NULL, 2, 5, NULL, NULL, 1, 0, 1, '2023-01-26 21:45:00'),
(442, 1, 17, 10, NULL, NULL, NULL, 3, 2, NULL, NULL, 0, 1, 0, '2023-01-27 00:00:00'),
(443, 3, 36, 2, NULL, NULL, NULL, 4, 4, NULL, NULL, 1, 0, 1, '2023-01-28 02:15:00'),
(444, 2, 45, 28, NULL, NULL, NULL, 5, 3, NULL, NULL, 0, 1, 0, '2023-01-29 04:30:00'),
(445, 1, 3, 47, NULL, NULL, NULL, 1, 2, NULL, NULL, 1, 0, 1, '2023-01-30 06:45:00'),
(446, 3, 8, 16, NULL, NULL, NULL, 2, 5, NULL, NULL, 0, 1, 0, '2023-01-31 09:00:00'),
(447, 2, 22, 41, NULL, NULL, NULL, 3, 3, NULL, NULL, 1, 0, 1, '2023-02-01 11:15:00'),
(448, 1, 30, 9, NULL, NULL, NULL, 4, 5, NULL, NULL, 0, 1, 0, '2023-02-02 13:30:00'),
(449, 3, 1, 34, NULL, NULL, NULL, 5, 2, NULL, NULL, 1, 0, 1, '2023-02-03 15:45:00'),
(450, 2, 40, 18, NULL, NULL, NULL, 1, 4, NULL, NULL, 0, 1, 0, '2023-02-04 18:00:00'),
(451, 1, 10, 25, NULL, NULL, NULL, 3, 4, NULL, NULL, 1, 0, 1, '2023-02-05 08:30:00'), 
(452, 2, 35, 15, NULL, NULL, NULL, 2, 5, NULL, NULL, 0, 1, 0, '2023-02-06 10:45:00'),
(453, 3, 20, 42, NULL, NULL, NULL, 4, 3, NULL, NULL, 1, 0, 1, '2023-02-07 12:15:00'),
(454, 1, 48, 7, NULL, NULL, NULL, 5, 2, NULL, NULL, 0, 1, 0, '2023-02-08 14:30:00'),
(455, 2, 13, 31, NULL, NULL, NULL, 1, 5, NULL, NULL, 1, 0, 1, '2023-02-09 16:45:00'),
(456, 3, 5, 38, NULL, NULL, NULL, 2, 4, NULL, NULL, 0, 1, 0, '2023-02-10 18:00:00'),
(457, 1, 29, 20, NULL, NULL, NULL, 3, 3, NULL, NULL, 1, 0, 1, '2023-02-11 20:15:00'),
(458, 2, 17, 10, NULL, NULL, NULL, 4, 2, NULL, NULL, 0, 1, 0, '2023-02-12 22:30:00'),
(459, 1, 36, 2, NULL, NULL, NULL, 5, 4, NULL, NULL, 1, 0, 1, '2023-02-13 23:45:00'),
(460, 3, 45, 28, NULL, NULL, NULL, 1, 3, NULL, NULL, 0, 1, 0, '2023-02-14 01:00:00'),
(461, 2, 3, 47, NULL, NULL, NULL, 2, 5, NULL, NULL, 1, 0, 1, '2023-02-15 03:15:00'),
(462, 1, 8, 16, NULL, NULL, NULL, 3, 2, NULL, NULL, 0, 1, 0, '2023-02-16 05:30:00'),
(463, 3, 22, 41, NULL, NULL, NULL, 4, 4, NULL, NULL, 1, 0, 1, '2023-02-17 07:45:00'),
(464, 2, 39, 12, NULL, NULL, NULL, 5, 3, NULL, NULL, 0, 1, 0, '2023-02-18 09:00:00'),
(465, 1, 32, 6, NULL, NULL, NULL, 1, 4, NULL, NULL, 1, 0, 1, '2023-02-19 11:15:00'),
(466, 3, 19, 33, NULL, NULL, NULL, 2, 2, NULL, NULL, 0, 1, 0, '2023-02-20 13:30:00'),
(467, 2, 46, 26, NULL, NULL, NULL, 3, 5, NULL, NULL, 1, 0, 1, '2023-02-21 15:45:00'),
(468, 1, 14, 43, NULL, NULL, NULL, 4, 3, NULL, NULL, 0, 1, 0, '2023-02-22 18:00:00'),
(469, 3, 30, 9, NULL, NULL, NULL, 5, 2, NULL, NULL, 1, 0, 1, '2023-02-23 20:15:00'),
(470, 2, 1, 34, NULL, NULL, NULL, 1, 4, NULL, NULL, 0, 1, 0, '2023-02-24 22:30:00'),
(471, 1, 40, 18, NULL, NULL, NULL, 2, 3, NULL, NULL, 1, 0, 1, '2023-02-25 00:45:00'),
(472, 3, 25, 4, NULL, NULL, NULL, 3, 5, NULL, NULL, 0, 1, 0, '2023-02-26 03:00:00'),
(473, 2, 11, 49, NULL, NULL, NULL, 4, 2, NULL, NULL, 1, 0, 1, '2023-02-27 05:15:00'),
(474, 1, 37, 27, NULL, NULL, NULL, 5, 4, NULL, NULL, 0, 1, 0, '2023-02-28 07:30:00'),
(475, 3, 23, 14, NULL, NULL, NULL, 1, 3, NULL, NULL, 1, 0, 1, '2023-03-01 09:45:00'),
(476, 2, 50, 36, NULL, NULL, NULL, 2, 5, NULL, NULL, 0, 1, 0, '2023-03-02 12:00:00'),
(477, 1, 21, 8, NULL, NULL, NULL, 3, 2, NULL, NULL, 1, 0, 1, '2023-03-03 14:15:00'),
(478, 3, 47, 19, NULL, NULL, NULL, 4, 4, NULL, NULL, 0, 1, 0, '2023-03-04 16:30:00'),
(479, 2, 4, 31, NULL, NULL, NULL, 5, 3, NULL, NULL, 1, 0, 1, '2023-03-05 18:45:00'),
(480, 1, 28, 21, NULL, NULL, NULL, 1, 2, NULL, NULL, 0, 1, 0, '2023-03-06 21:00:00'),
(481, 3, 16, 44, NULL, NULL, NULL, 2, 5, NULL, NULL, 1, 0, 1, '2023-03-07 23:15:00'),
(482, 2, 9, 29, NULL, NULL, NULL, 3, 4, NULL, NULL, 0, 1, 0, '2023-03-08 01:30:00'),
(483, 1, 38, 1, NULL, NULL, NULL, 4, 3, NULL, NULL, 1, 0, 1, '2023-03-09 03:45:00'),
(484, 3, 5, 17, NULL, NULL, NULL, 5, 2, NULL, NULL, 0, 1, 0, '2023-03-10 06:00:00'),
(485, 2, 22, 40, NULL, NULL, NULL, 1, 4, NULL, NULL, 1, 0, 1, '2023-03-11 08:15:00'),
(486, 1, 10, 26, NULL, NULL, NULL, 2, 3, NULL, NULL, 0, 1, 0, '2023-03-12 10:30:00'),
(487, 3, 35, 15, NULL, NULL, NULL, 3, 5, NULL, NULL, 1, 0, 1, '2023-03-13 12:45:00'),
(488, 2, 20, 42, NULL, NULL, NULL, 4, 2, NULL, NULL, 0, 1, 0, '2023-03-14 15:00:00'),
(489, 1, 48, 7, NULL, NULL, NULL, 5, 4, NULL, NULL, 1, 0, 1, '2023-03-15 17:15:00'),
(490, 3, 13, 31, NULL, NULL, NULL, 1, 3, NULL, NULL, 0, 1, 0, '2023-03-16 19:30:00'),
(491, 2, 29, 20, NULL, NULL, NULL, 2, 5, NULL, NULL, 1, 0, 1, '2023-03-17 21:45:00'),
(492, 1, 17, 10, NULL, NULL, NULL, 3, 2, NULL, NULL, 0, 1, 0, '2023-03-18 00:00:00'),
(493, 3, 36, 2, NULL, NULL, NULL, 4, 4, NULL, NULL, 1, 0, 1, '2023-03-19 02:15:00'),
(494, 2, 45, 28, NULL, NULL, NULL, 5, 3, NULL, NULL, 0, 1, 0, '2023-03-20 04:30:00'),
(495, 1, 3, 47, NULL, NULL, NULL, 1, 2, NULL, NULL, 1, 0, 1, '2023-03-21 06:45:00'),
(496, 3, 8, 16, NULL, NULL, NULL, 2, 5, NULL, NULL, 0, 1, 0, '2023-03-22 09:00:00'),
(497, 2, 22, 41, NULL, NULL, NULL, 3, 3, NULL, NULL, 1, 0, 1, '2023-03-23 11:15:00'),
(498, 1, 30, 9, NULL, NULL, NULL, 4, 5, NULL, NULL, 0, 1, 0, '2023-03-24 13:30:00'),
(499, 3, 1, 34, NULL, NULL, NULL, 5, 2, NULL, NULL, 1, 0, 1, '2023-03-25 15:45:00'),
(500, 2, 40, 18, NULL, NULL, NULL, 1, 4, NULL, NULL, 0, 1, 0, '2023-03-26 18:00:00');


  -- Insertar registros en la tabla `stops` con distance como un nmero aleatorio entero con un decimal del 1 al 20
INSERT INTO `transportation_service_db`.`stops` (stop_id, trip_id, pickup_spot, destination, distance, order)
VALUES 
(1, 1, POINT(40.7128, -74.0060), POINT(34.0522, -118.2437), 12.5, 1),
(2, 2, POINT(34.0522, -118.2437), POINT(37.7749, -122.4194), 10.3, 1),
(3, 3, POINT(37.7749, -122.4194), POINT(47.6062, -122.3321), 8.8, 1),
(4, 4, POINT(47.6062, -122.3321), POINT(41.8781, -87.6298), 17.2, 1),
(5, 5, POINT(41.8781, -87.6298), POINT(39.9526, -75.1652), 9.7, 1),
(6, 6, POINT(39.9526, -75.1652), POINT(29.7604, -95.3698), 15.1, 1),
(7, 7, POINT(29.7604, -95.3698), POINT(32.7767, -96.7970), 12.4, 1),
(8, 8, POINT(32.7767, -96.7970), POINT(34.0522, -118.2437), 18.9, 1),
(9, 9, POINT(34.0522, -118.2437), POINT(37.7749, -122.4194), 16.6, 1),
(10, 10, POINT(37.7749, -122.4194), POINT(47.6062, -122.3321), 18.9, 1),
(11, 11, POINT(47.6062, -122.3321), POINT(41.8781, -87.6298), 15.2, 1),
(12, 12, POINT(41.8781, -87.6298), POINT(39.9526, -75.1652), 19.8, 1),
(13, 13, POINT(39.9526, -75.1652), POINT(29.7604, -95.3698), 9.3, 1),
(14, 14, POINT(29.7604, -95.3698), POINT(32.7767, -96.7970), 17.6, 1),
(15, 15, POINT(32.7767, -96.7970), POINT(34.0522, -118.2437), 16.7, 1),
(16, 16, POINT(34.0522, -118.2437), POINT(37.7749, -122.4194), 12.4, 1),
(17, 17, POINT(37.7749, -122.4194), POINT(47.6062, -122.3321), 9.9, 1),
(18, 18, POINT(47.6062, -122.3321), POINT(41.8781, -87.6298), 13.1, 1),
(19, 19, POINT(41.8781, -87.6298), POINT(39.9526, -75.1652), 17.5, 1),
(20, 20, POINT(39.9526, -75.1652), POINT(29.7604, -95.3698), 10.6, 1),
(21, 21, POINT(29.7604, -95.3698), POINT(32.7767, -96.7970), 7.3, 1),
(22, 22, POINT(32.7767, -96.7970), POINT(34.0522, -118.2437), 8.4, 1),
(23, 23, POINT(34.0522, -118.2437), POINT(37.7749, -122.4194), 10.9, 1),
(24, 24, POINT(37.7749, -122.4194), POINT(47.6062, -122.3321), 15.2, 1),
(25, 25, POINT(47.6062, -122.3321), POINT(41.8781, -87.6298), 9.8, 1),
(26, 26, POINT(41.8781, -87.6298), POINT(39.9526, -75.1652), 12.7, 1),
(27, 27, POINT(39.9526, -75.1652), POINT(29.7604, -95.3698), 13.4, 1),
(28, 28, POINT(29.7604, -95.3698), POINT(32.7767, -96.7970), 11.9, 1),
(29, 29, POINT(32.7767, -96.7970), POINT(34.0522, -118.2437), 15.8, 1),
(30, 30, POINT(34.0522, -118.2437), POINT(37.7749, -122.4194), 9.1, 1),
(31, 31, POINT(37.7749, -122.4194), POINT(47.6062, -122.3321), 7.2, 1),
(32, 32, POINT(47.6062, -122.3321), POINT(41.8781, -87.6298), 11.5, 1),
(33, 33, POINT(41.8781, -87.6298), POINT(39.9526, -75.1652), 5.6, 1),
(34, 34, POINT(39.9526, -75.1652), POINT(29.7604, -95.3698), 13.8, 1),
(35, 35, POINT(29.7604, -95.3698), POINT(32.7767, -96.7970), 6.7, 1),
(36, 36, POINT(32.7767, -96.7970), POINT(34.0522, -118.2437), 17.2, 1),
(37, 37, POINT(34.0522, -118.2437), POINT(37.7749, -122.4194), 9.8, 1),
(38, 38, POINT(37.7749, -122.4194), POINT(47.6062, -122.3321), 14.5, 1),
(39, 39, POINT(47.6062, -122.3321), POINT(41.8781, -87.6298), 8.7, 1),
(40, 40, POINT(41.8781, -87.6298), POINT(39.9526, -75.1652), 11.9, 1),
(41, 41, POINT(39.9526, -75.1652), POINT(29.7604, -95.3698), 8.4, 1),
(42, 42, POINT(29.7604, -95.3698), POINT(32.7767, -96.7970), 13.9, 1),
(43, 43, POINT(32.7767, -96.7970), POINT(34.0522, -118.2437), 12.6, 1),
(44, 44, POINT(34.0522, -118.2437), POINT(37.7749, -122.4194), 13.3, 1),
(45, 45, POINT(37.7749, -122.4194), POINT(47.6062, -122.3321), 12.1, 1),
(46, 46, POINT(47.6062, -122.3321), POINT(41.8781, -87.6298), 19.5, 1),
(47, 47, POINT(41.8781, -87.6298), POINT(39.9526, -75.1652), 10.4, 1),
(48, 48, POINT(39.9526, -75.1652), POINT(29.7604, -95.3698), 7.8, 1),
(49, 49, POINT(29.7604, -95.3698), POINT(32.7767, -96.7970), 6.3, 1),
(50, 50, POINT(32.7767, -96.7970), POINT(34.0522, -118.2437), 13.2, 1),
(51, 51, POINT(40.7128, -74.0060), POINT(34.0522, -118.2437), 15.5, 1),
(52, 52, POINT(34.0522, -118.2437), POINT(37.7749, -122.4194), 12.3, 1),
(53, 53, POINT(37.7749, -122.4194), POINT(47.6062, -122.3321), 8.8, 1),
(54, 54, POINT(47.6062, -122.3321), POINT(41.8781, -87.6298), 17.2, 1),
(55, 55, POINT(41.8781, -87.6298), POINT(39.9526, -75.1652), 9.7, 1),
(56, 56, POINT(39.9526, -75.1652), POINT(29.7604, -95.3698), 15.1, 1),
(57, 57, POINT(29.7604, -95.3698), POINT(32.7767, -96.7970), 12.4, 1),
(58, 58, POINT(32.7767, -96.7970), POINT(34.0522, -118.2437), 18.9, 1),
(59, 59, POINT(34.0522, -118.2437), POINT(37.7749, -122.4194), 16.6, 1),
(60, 60, POINT(37.7749, -122.4194), POINT(47.6062, -122.3321), 18.9, 1),
(61, 61, POINT(47.6062, -122.3321), POINT(41.8781, -87.6298), 15.2, 1),
(62, 62, POINT(41.8781, -87.6298), POINT(39.9526, -75.1652), 19.8, 1),
(63, 63, POINT(39.9526, -75.1652), POINT(29.7604, -95.3698), 9.3, 1),
(64, 64, POINT(29.7604, -95.3698), POINT(32.7767, -96.7970), 17.6, 1),
(65, 65, POINT(32.7767, -96.7970), POINT(34.0522, -118.2437), 16.7, 1),
(66, 66, POINT(34.0522, -118.2437), POINT(37.7749, -122.4194), 12.4, 1),
(67, 67, POINT(37.7749, -122.4194), POINT(47.6062, -122.3321), 9.9, 1),
(68, 68, POINT(47.6062, -122.3321), POINT(41.8781, -87.6298), 13.1, 1),
(69, 69, POINT(41.8781, -87.6298), POINT(39.9526, -75.1652), 17.5, 1),
(70, 70, POINT(39.9526, -75.1652), POINT(29.7604, -95.3698), 10.6, 1),
(71, 71, POINT(29.7604, -95.3698), POINT(32.7767, -96.7970), 7.3, 1),
(72, 72, POINT(32.7767, -96.7970), POINT(34.0522, -118.2437), 8.4, 1),
(73, 73, POINT(34.0522, -118.2437), POINT(37.7749, -122.4194), 10.9, 1),
(74, 74, POINT(37.7749, -122.4194), POINT(47.6062, -122.3321), 15.2, 1),
(75, 75, POINT(47.6062, -122.3321), POINT(41.8781, -87.6298), 9.8, 1),
(76, 76, POINT(41.8781, -87.6298), POINT(39.9526, -75.1652), 12.7, 1),
(77, 77, POINT(39.9526, -75.1652), POINT(29.7604, -95.3698), 13.4, 1),
(78, 78, POINT(29.7604, -95.3698), POINT(32.7767, -96.7970), 11.9, 1),
(79, 79, POINT(32.7767, -96.7970), POINT(34.0522, -118.2437), 15.8, 1),
(80, 80, POINT(34.0522, -118.2437), POINT(37.7749, -122.4194), 9.1, 1),
(81, 81, POINT(37.7749, -122.4194), POINT(47.6062, -122.3321), 7.2, 1),
(82, 82, POINT(47.6062, -122.3321), POINT(41.8781, -87.6298), 11.5, 1),
(83, 83, POINT(41.8781, -87.6298), POINT(39.9526, -75.1652), 5.6, 1),
(84, 84, POINT(39.9526, -75.1652), POINT(29.7604, -95.3698), 13.8, 1),
(85, 85, POINT(29.7604, -95.3698), POINT(32.7767, -96.7970), 6.7, 1),
(86, 86, POINT(32.7767, -96.7970), POINT(34.0522, -118.2437), 17.2, 1),
(87, 87, POINT(34.0522, -118.2437), POINT(37.7749, -122.4194), 9.8, 1),
(88, 88, POINT(37.7749, -122.4194), POINT(47.6062, -122.3321), 14.5, 1),
(89, 89, POINT(47.6062, -122.3321), POINT(41.8781, -87.6298), 8.7, 1),
(90, 90, POINT(41.8781, -87.6298), POINT(39.9526, -75.1652), 11.9, 1),
(91, 91, POINT(39.9526, -75.1652), POINT(29.7604, -95.3698), 8.4, 1),
(92, 92, POINT(29.7604, -95.3698), POINT(32.7767, -96.7970), 13.9, 1),
(93, 93, POINT(32.7767, -96.7970), POINT(34.0522, -118.2437), 12.6, 1),
(94, 94, POINT(34.0522, -118.2437), POINT(37.7749, -122.4194), 13.3, 1),
(95, 95, POINT(37.7749, -122.4194), POINT(47.6062, -122.3321), 12.1, 1),
(96, 96, POINT(47.6062, -122.3321), POINT(41.8781, -87.6298), 19.5, 1),
(97, 97, POINT(41.8781, -87.6298), POINT(39.9526, -75.1652), 10.4, 1),
(98, 98, POINT(39.9526, -75.1652), POINT(29.7604, -95.3698), 7.8, 1),
(99, 99, POINT(29.7604, -95.3698), POINT(32.7767, -96.7970), 6.3, 1),
(100, 100, POINT(32.7767, -96.7970), POINT(34.0522, -118.2437), 13.2, 1),
(101, 101, POINT(40.7128, -74.0060), POINT(34.0522, -118.2437), 15.5, 1),
(102, 102, POINT(34.0522, -118.2437), POINT(37.7749, -122.4194), 12.3, 1),
(103, 103, POINT(37.7749, -122.4194), POINT(47.6062, -122.3321), 8.8, 1),
(104, 104, POINT(47.6062, -122.3321), POINT(41.8781, -87.6298), 17.2, 1),
(105, 105, POINT(41.8781, -87.6298), POINT(39.9526, -75.1652), 9.7, 1),
(106, 106, POINT(39.9526, -75.1652), POINT(29.7604, -95.3698), 15.1, 1),
(107, 107, POINT(29.7604, -95.3698), POINT(32.7767, -96.7970), 12.4, 1),
(108, 108, POINT(32.7767, -96.7970), POINT(34.0522, -118.2437), 18.9, 1),
(109, 109, POINT(34.0522, -118.2437), POINT(37.7749, -122.4194), 16.6, 1),
(110, 110, POINT(37.7749, -122.4194), POINT(47.6062, -122.3321), 18.9, 1),
(111, 111, POINT(47.6062, -122.3321), POINT(41.8781, -87.6298), 15.2, 1),
(112, 112, POINT(41.8781, -87.6298), POINT(39.9526, -75.1652), 19.8, 1),
(113, 113, POINT(39.9526, -75.1652), POINT(29.7604, -95.3698), 9.3, 1),
(114, 114, POINT(29.7604, -95.3698), POINT(32.7767, -96.7970), 17.6, 1),
(115, 115, POINT(32.7767, -96.7970), POINT(34.0522, -118.2437), 16.7, 1),
(116, 116, POINT(34.0522, -118.2437), POINT(37.7749, -122.4194), 12.4, 1),
(117, 117, POINT(37.7749, -122.4194), POINT(47.6062, -122.3321), 9.9, 1),
(118, 118, POINT(47.6062, -122.3321), POINT(41.8781, -87.6298), 13.1, 1),
(119, 119, POINT(41.8781, -87.6298), POINT(39.9526, -75.1652), 17.5, 1),
(120, 120, POINT(39.9526, -75.1652), POINT(29.7604, -95.3698), 10.6, 1),
(121, 121, POINT(29.7604, -95.3698), POINT(32.7767, -96.7970), 7.3, 1),
(122, 122, POINT(32.7767, -96.7970), POINT(34.0522, -118.2437), 8.4, 1),
(123, 123, POINT(34.0522, -118.2437), POINT(37.7749, -122.4194), 10.9, 1),
(124, 124, POINT(37.7749, -122.4194), POINT(47.6062, -122.3321), 15.2, 1),
(125, 125, POINT(47.6062, -122.3321), POINT(41.8781, -87.6298), 9.8, 1),
(126, 126, POINT(41.8781, -87.6298), POINT(39.9526, -75.1652), 12.7, 1),
(127, 127, POINT(39.9526, -75.1652), POINT(29.7604, -95.3698), 13.4, 1),
(128, 128, POINT(29.7604, -95.3698), POINT(32.7767, -96.7970), 11.9, 1),
(129, 129, POINT(32.7767, -96.7970), POINT(34.0522, -118.2437), 15.8, 1),
(130, 130, POINT(34.0522, -118.2437), POINT(37.7749, -122.4194), 9.1, 1),
(131, 131, POINT(37.7749, -122.4194), POINT(47.6062, -122.3321), 7.2, 1),
(132, 132, POINT(47.6062, -122.3321), POINT(41.8781, -87.6298), 11.5, 1),
(133, 133, POINT(41.8781, -87.6298), POINT(39.9526, -75.1652), 5.6, 1),
(134, 134, POINT(39.9526, -75.1652), POINT(29.7604, -95.3698), 13.8, 1),
(135, 135, POINT(29.7604, -95.3698), POINT(32.7767, -96.7970), 6.7, 1),
(136, 136, POINT(32.7767, -96.7970), POINT(34.0522, -118.2437), 17.2, 1),
(137, 137, POINT(34.0522, -118.2437), POINT(37.7749, -122.4194), 9.8, 1),
(138, 138, POINT(37.7749, -122.4194), POINT(47.6062, -122.3321), 14.5, 1),
(139, 139, POINT(47.6062, -122.3321), POINT(41.8781, -87.6298), 8.7, 1),
(140, 140, POINT(41.8781, -87.6298), POINT(39.9526, -75.1652), 11.9, 1),
(141, 141, POINT(39.9526, -75.1652), POINT(29.7604, -95.3698), 8.4, 1),
(142, 142, POINT(29.7604, -95.3698), POINT(32.7767, -96.7970), 13.9, 1),
(143, 143, POINT(32.7767, -96.7970), POINT(34.0522, -118.2437), 12.6, 1),
(144, 144, POINT(34.0522, -118.2437), POINT(37.7749, -122.4194), 13.3, 1),
(145, 145, POINT(37.7749, -122.4194), POINT(47.6062, -122.3321), 12.1, 1),
(146, 146, POINT(47.6062, -122.3321), POINT(41.8781, -87.6298), 19.5, 1),
(147, 147, POINT(41.8781, -87.6298), POINT(39.9526, -75.1652), 10.4, 1),
(148, 148, POINT(39.9526, -75.1652), POINT(29.7604, -95.3698), 7.8, 1),
(149, 149, POINT(29.7604, -95.3698), POINT(32.7767, -96.7970), 6.3, 1),
(150, 150, POINT(32.7767, -96.7970), POINT(34.0522, -118.2437), 13.2, 1),
(151, 151, POINT(40.7128, -74.0060), POINT(34.0522, -118.2437), 15.5, 1),
(152, 152, POINT(34.0522, -118.2437), POINT(37.7749, -122.4194), 12.3, 1),
(153, 153, POINT(37.7749, -122.4194), POINT(47.6062, -122.3321), 8.8, 1),
(154, 154, POINT(47.6062, -122.3321), POINT(41.8781, -87.6298), 17.2, 1),
(155, 155, POINT(41.8781, -87.6298), POINT(39.9526, -75.1652), 9.7, 1),
(156, 156, POINT(39.9526, -75.1652), POINT(29.7604, -95.3698), 15.1, 1),
(157, 157, POINT(29.7604, -95.3698), POINT(32.7767, -96.7970), 12.4, 1),
(158, 158, POINT(32.7767, -96.7970), POINT(34.0522, -118.2437), 18.9, 1),
(159, 159, POINT(34.0522, -118.2437), POINT(37.7749, -122.4194), 16.6, 1),
(160, 160, POINT(37.7749, -122.4194), POINT(47.6062, -122.3321), 18.9, 1),
(161, 161, POINT(47.6062, -122.3321), POINT(41.8781, -87.6298), 15.2, 1),
(162, 162, POINT(41.8781, -87.6298), POINT(39.9526, -75.1652), 19.8, 1),
(163, 163, POINT(39.9526, -75.1652), POINT(29.7604, -95.3698), 9.3, 1),
(164, 164, POINT(29.7604, -95.3698), POINT(32.7767, -96.7970), 17.6, 1),
(165, 165, POINT(32.7767, -96.7970), POINT(34.0522, -118.2437), 16.7, 1),
(166, 166, POINT(34.0522, -118.2437), POINT(37.7749, -122.4194), 12.4, 1),
(167, 167, POINT(37.7749, -122.4194), POINT(47.6062, -122.3321), 9.9, 1),
(168, 168, POINT(47.6062, -122.3321), POINT(41.8781, -87.6298), 13.1, 1),
(169, 169, POINT(41.8781, -87.6298), POINT(39.9526, -75.1652), 17.5, 1),
(170, 170, POINT(39.9526, -75.1652), POINT(29.7604, -95.3698), 10.6, 1),
(171, 171, POINT(29.7604, -95.3698), POINT(32.7767, -96.7970), 7.3, 1),
(172, 172, POINT(32.7767, -96.7970), POINT(34.0522, -118.2437), 8.4, 1),
(173, 173, POINT(34.0522, -118.2437), POINT(37.7749, -122.4194), 10.9, 1),
(174, 174, POINT(37.7749, -122.4194), POINT(47.6062, -122.3321), 15.2, 1),
(175, 175, POINT(47.6062, -122.3321), POINT(41.8781, -87.6298), 9.8, 1),
(176, 176, POINT(41.8781, -87.6298), POINT(39.9526, -75.1652), 12.7, 1),
(177, 177, POINT(39.9526, -75.1652), POINT(29.7604, -95.3698), 13.4, 1),
(178, 178, POINT(29.7604, -95.3698), POINT(32.7767, -96.7970), 11.9, 1),
(179, 179, POINT(32.7767, -96.7970), POINT(34.0522, -118.2437), 15.8, 1),
(180, 180, POINT(34.0522, -118.2437), POINT(37.7749, -122.4194), 9.1, 1),
(181, 181, POINT(37.7749, -122.4194), POINT(47.6062, -122.3321), 7.2, 1),
(182, 182, POINT(47.6062, -122.3321), POINT(41.8781, -87.6298), 11.5, 1),
(183, 183, POINT(41.8781, -87.6298), POINT(39.9526, -75.1652), 5.6, 1),
(184, 184, POINT(39.9526, -75.1652), POINT(29.7604, -95.3698), 13.8, 1),
(185, 185, POINT(29.7604, -95.3698), POINT(32.7767, -96.7970), 6.7, 1),
(186, 186, POINT(32.7767, -96.7970), POINT(34.0522, -118.2437), 17.2, 1),
(187, 187, POINT(34.0522, -118.2437), POINT(37.7749, -122.4194), 9.8, 1),
(188, 188, POINT(37.7749, -122.4194), POINT(47.6062, -122.3321), 14.5, 1),
(189, 189, POINT(47.6062, -122.3321), POINT(41.8781, -87.6298), 8.7, 1),
(190, 190, POINT(41.8781, -87.6298), POINT(39.9526, -75.1652), 11.9, 1),
(191, 191, POINT(39.9526, -75.1652), POINT(29.7604, -95.3698), 8.4, 1),
(192, 192, POINT(29.7604, -95.3698), POINT(32.7767, -96.7970), 13.9, 1),
(193, 193, POINT(32.7767, -96.7970), POINT(34.0522, -118.2437), 12.6, 1),
(194, 194, POINT(34.0522, -118.2437), POINT(37.7749, -122.4194), 13.3, 1),
(195, 195, POINT(37.7749, -122.4194), POINT(47.6062, -122.3321), 12.1, 1),
(196, 196, POINT(47.6062, -122.3321), POINT(41.8781, -87.6298), 19.5, 1),
(197, 197, POINT(41.8781, -87.6298), POINT(39.9526, -75.1652), 10.4, 1),
(198, 198, POINT(39.9526, -75.1652), POINT(29.7604, -95.3698), 7.8, 1),
(199, 199, POINT(29.7604, -95.3698), POINT(32.7767, -96.7970), 6.3, 1),
(200, 200, POINT(32.7767, -96.7970), POINT(34.0522, -118.2437), 13.2, 1),
(201, 201, POINT(40.7128, -74.0060), POINT(34.0522, -118.2437), 5.7, 1),
(202, 202, POINT(34.0522, -118.2437), POINT(37.7749, -122.4194), 7.3, 1),
(203, 203, POINT(37.7749, -122.4194), POINT(47.6062, -122.3321), 9.8, 1),
(204, 204, POINT(47.6062, -122.3321), POINT(41.8781, -87.6298), 3.2, 1),
(205, 205, POINT(41.8781, -87.6298), POINT(39.9526, -75.1652), 8.7, 1),
(206, 206, POINT(39.9526, -75.1652), POINT(29.7604, -95.3698), 4.1, 1),
(207, 207, POINT(29.7604, -95.3698), POINT(32.7767, -96.7970), 6.4, 1),
(208, 208, POINT(32.7767, -96.7970), POINT(34.0522, -118.2437), 7.9, 1),
(209, 209, POINT(34.0522, -118.2437), POINT(37.7749, -122.4194), 8.6, 1),
(210, 210, POINT(37.7749, -122.4194), POINT(47.6062, -122.3321), 6.9, 1),
(211, 211, POINT(47.6062, -122.3321), POINT(41.8781, -87.6298), 5.2, 1),
(212, 212, POINT(41.8781, -87.6298), POINT(39.9526, -75.1652), 6.8, 1),
(213, 213, POINT(39.9526, -75.1652), POINT(29.7604, -95.3698), 3.3, 1),
(214, 214, POINT(29.7604, -95.3698), POINT(32.7767, -96.7970), 8.6, 1),
(215, 215, POINT(32.7767, -96.7970), POINT(34.0522, -118.2437), 9.7, 1),
(216, 216, POINT(34.0522, -118.2437), POINT(37.7749, -122.4194), 3.4, 1),
(217, 217, POINT(37.7749, -122.4194), POINT(47.6062, -122.3321), 5.9, 1),
(218, 218, POINT(47.6062, -122.3321), POINT(41.8781, -87.6298), 6.1, 1),
(219, 219, POINT(41.8781, -87.6298), POINT(39.9526, -75.1652), 4.5, 1),
(220, 220, POINT(39.9526, -75.1652), POINT(29.7604, -95.3698), 7.8, 1),
(221, 221, POINT(29.7604, -95.3698), POINT(32.7767, -96.7970), 4.7, 1),
(222, 222, POINT(32.7767, -96.7970), POINT(34.0522, -118.2437), 5.9, 1),
(223, 223, POINT(34.0522, -118.2437), POINT(37.7749, -122.4194), 9.2, 1),
(224, 224, POINT(37.7749, -122.4194), POINT(47.6062, -122.3321), 2.6, 1),
(225, 225, POINT(47.6062, -122.3321), POINT(41.8781, -87.6298), 4.8, 1),
(226, 226, POINT(41.8781, -87.6298), POINT(39.9526, -75.1652), 7.3, 1),
(227, 227, POINT(39.9526, -75.1652), POINT(29.7604, -95.3698), 6.5, 1),
(228, 228, POINT(29.7604, -95.3698), POINT(32.7767, -96.7970), 2.9, 1),
(229, 229, POINT(32.7767, -96.7970), POINT(34.0522, -118.2437), 7.8, 1),
(230, 230, POINT(34.0522, -118.2437), POINT(37.7749, -122.4194), 4.1, 1),
(231, 231, POINT(37.7749, -122.4194), POINT(47.6062, -122.3321), 8.5, 1),
(232, 232, POINT(47.6062, -122.3321), POINT(41.8781, -87.6298), 5.6, 1),
(233, 233, POINT(41.8781, -87.6298), POINT(39.9526, -75.1652), 8.9, 1),
(234, 234, POINT(39.9526, -75.1652), POINT(29.7604, -95.3698), 3.7, 1),
(235, 235, POINT(29.7604, -95.3698), POINT(32.7767, -96.7970), 6.2, 1),
(236, 236, POINT(32.7767, -96.7970), POINT(34.0522, -118.2437), 5.4, 1),
(237, 237, POINT(34.0522, -118.2437), POINT(37.7749, -122.4194), 4.8, 1),
(238, 238, POINT(37.7749, -122.4194), POINT(47.6062, -122.3321), 6.7, 1),
(239, 239, POINT(47.6062, -122.3321), POINT(41.8781, -87.6298), 7.9, 1),
(240, 240, POINT(41.8781, -87.6298), POINT(39.9526, -75.1652), 9.3, 1),
(241, 241, POINT(39.9526, -75.1652), POINT(29.7604, -95.3698), 4.8, 1),
(242, 242, POINT(29.7604, -95.3698), POINT(32.7767, -96.7970), 8.1, 1),
(243, 243, POINT(32.7767, -96.7970), POINT(34.0522, -118.2437), 6.7, 1),
(244, 244, POINT(34.0522, -118.2437), POINT(37.7749, -122.4194), 2.8, 1),
(245, 245, POINT(37.7749, -122.4194), POINT(47.6062, -122.3321), 3.5, 1),
(246, 246, POINT(47.6062, -122.3321), POINT(41.8781, -87.6298), 9.1, 1),
(247, 247, POINT(41.8781, -87.6298), POINT(39.9526, -75.1652), 8.4, 1),
(248, 248, POINT(39.9526, -75.1652), POINT(29.7604, -95.3698), 7.2, 1),
(249, 249, POINT(29.7604, -95.3698), POINT(32.7767, -96.7970), 4.6, 1),
(250, 250, POINT(32.7767, -96.7970), POINT(34.0522, -118.2437), 5.7, 1),
(251, 251, POINT(40.7128, -74.0060), POINT(34.0522, -118.2437), 9.7, 1),
(252, 252, POINT(34.0522, -118.2437), POINT(37.7749, -122.4194), 6.2, 1),
(253, 253, POINT(37.7749, -122.4194), POINT(47.6062, -122.3321), 8.8, 1),
(254, 254, POINT(47.6062, -122.3321), POINT(41.8781, -87.6298), 4.5, 1),
(255, 255, POINT(41.8781, -87.6298), POINT(39.9526, -75.1652), 7.1, 1),
(256, 256, POINT(39.9526, -75.1652), POINT(29.7604, -95.3698), 5.6, 1),
(257, 257, POINT(29.7604, -95.3698), POINT(32.7767, -96.7970), 7.3, 1),
(258, 258, POINT(32.7767, -96.7970), POINT(34.0522, -118.2437), 8.9, 1),
(259, 259, POINT(34.0522, -118.2437), POINT(37.7749, -122.4194), 9.6, 1),
(260, 260, POINT(37.7749, -122.4194), POINT(47.6062, -122.3321), 6.9, 1),
(261, 261, POINT(47.6062, -122.3321), POINT(41.8781, -87.6298), 5.2, 1),
(262, 262, POINT(41.8781, -87.6298), POINT(39.9526, -75.1652), 7.8, 1),
(263, 263, POINT(39.9526, -75.1652), POINT(29.7604, -95.3698), 4.3, 1),
(264, 264, POINT(29.7604, -95.3698), POINT(32.7767, -96.7970), 8.6, 1),
(265, 265, POINT(32.7767, -96.7970), POINT(34.0522, -118.2437), 9.5, 1),
(266, 266, POINT(34.0522, -118.2437), POINT(37.7749, -122.4194), 3.4, 1),
(267, 267, POINT(37.7749, -122.4194), POINT(47.6062, -122.3321), 5.9, 1),
(268, 268, POINT(47.6062, -122.3321), POINT(41.8781, -87.6298), 6.1, 1),
(269, 269, POINT(41.8781, -87.6298), POINT(39.9526, -75.1652), 4.5, 1),
(270, 270, POINT(39.9526, -75.1652), POINT(29.7604, -95.3698), 7.8, 1),
(271, 271, POINT(29.7604, -95.3698), POINT(32.7767, -96.7970), 4.7, 1),
(272, 272, POINT(32.7767, -96.7970), POINT(34.0522, -118.2437), 5.9, 1),
(273, 273, POINT(34.0522, -118.2437), POINT(37.7749, -122.4194), 9.2, 1),
(274, 274, POINT(37.7749, -122.4194), POINT(47.6062, -122.3321), 2.6, 1),
(275, 275, POINT(47.6062, -122.3321), POINT(41.8781, -87.6298), 4.8, 1),
(276, 276, POINT(41.8781, -87.6298), POINT(39.9526, -75.1652), 7.3, 1),
(277, 277, POINT(39.9526, -75.1652), POINT(29.7604, -95.3698), 6.5, 1),
(278, 278, POINT(29.7604, -95.3698), POINT(32.7767, -96.7970), 2.9, 1),
(279, 279, POINT(32.7767, -96.7970), POINT(34.0522, -118.2437), 7.8, 1),
(280, 280, POINT(34.0522, -118.2437), POINT(37.7749, -122.4194), 4.1, 1),
(281, 281, POINT(37.7749, -122.4194), POINT(47.6062, -122.3321), 8.5, 1),
(282, 282, POINT(47.6062, -122.3321), POINT(41.8781, -87.6298), 5.6, 1),
(283, 283, POINT(41.8781, -87.6298), POINT(39.9526, -75.1652), 8.9, 1),
(284, 284, POINT(39.9526, -75.1652), POINT(29.7604, -95.3698), 3.7, 1),
(285, 285, POINT(29.7604, -95.3698), POINT(32.7767, -96.7970), 6.2, 1),
(286, 286, POINT(32.7767, -96.7970), POINT(34.0522, -118.2437), 5.4, 1),
(287, 287, POINT(34.0522, -118.2437), POINT(37.7749, -122.4194), 4.8, 1),
(288, 288, POINT(37.7749, -122.4194), POINT(47.6062, -122.3321), 6.7, 1),
(289, 289, POINT(47.6062, -122.3321), POINT(41.8781, -87.6298), 7.9, 1),
(290, 290, POINT(41.8781, -87.6298), POINT(39.9526, -75.1652), 9.3, 1),
(291, 291, POINT(39.9526, -75.1652), POINT(29.7604, -95.3698), 4.8, 1),
(292, 292, POINT(29.7604, -95.3698), POINT(32.7767, -96.7970), 8.1, 1),
(293, 293, POINT(32.7767, -96.7970), POINT(34.0522, -118.2437), 6.7, 1),
(294, 294, POINT(34.0522, -118.2437), POINT(37.7749, -122.4194), 2.8, 1),
(295, 295, POINT(37.7749, -122.4194), POINT(47.6062, -122.3321), 3.5, 1),
(296, 296, POINT(47.6062, -122.3321), POINT(41.8781, -87.6298), 9.1, 1),
(297, 297, POINT(41.8781, -87.6298), POINT(39.9526, -75.1652), 8.4, 1),
(298, 298, POINT(39.9526, -75.1652), POINT(29.7604, -95.3698), 7.2, 1),
(299, 299, POINT(29.7604, -95.3698), POINT(32.7767, -96.7970), 4.6, 1),
(300, 300, POINT(32.7767, -96.7970), POINT(34.0522, -118.2437), 5.7, 1),
(301, 301, POINT(40.7128, -74.0060), POINT(34.0522, -118.2437), 9.7, 1),
(302, 302, POINT(34.0522, -118.2437), POINT(37.7749, -122.4194), 6.2, 1),
(303, 303, POINT(37.7749, -122.4194), POINT(47.6062, -122.3321), 8.8, 1),
(304, 304, POINT(47.6062, -122.3321), POINT(41.8781, -87.6298), 4.5, 1),
(305, 305, POINT(41.8781, -87.6298), POINT(39.9526, -75.1652), 7.1, 1),
(306, 306, POINT(39.9526, -75.1652), POINT(29.7604, -95.3698), 5.6, 1),
(307, 307, POINT(29.7604, -95.3698), POINT(32.7767, -96.7970), 7.3, 1),
(308, 308, POINT(32.7767, -96.7970), POINT(34.0522, -118.2437), 8.9, 1),
(309, 309, POINT(34.0522, -118.2437), POINT(37.7749, -122.4194), 9.6, 1),
(310, 310, POINT(37.7749, -122.4194), POINT(47.6062, -122.3321), 6.9, 1),
(311, 311, POINT(47.6062, -122.3321), POINT(41.8781, -87.6298), 5.2, 1),
(312, 312, POINT(41.8781, -87.6298), POINT(39.9526, -75.1652), 7.8, 1),
(313, 313, POINT(39.9526, -75.1652), POINT(29.7604, -95.3698), 4.3, 1),
(314, 314, POINT(29.7604, -95.3698), POINT(32.7767, -96.7970), 8.6, 1),
(315, 315, POINT(32.7767, -96.7970), POINT(34.0522, -118.2437), 9.5, 1),
(316, 316, POINT(34.0522, -118.2437), POINT(37.7749, -122.4194), 3.4, 1),
(317, 317, POINT(37.7749, -122.4194), POINT(47.6062, -122.3321), 5.9, 1),
(318, 318, POINT(47.6062, -122.3321), POINT(41.8781, -87.6298), 6.1, 1),
(319, 319, POINT(41.8781, -87.6298), POINT(39.9526, -75.1652), 4.5, 1),
(320, 320, POINT(39.9526, -75.1652), POINT(29.7604, -95.3698), 7.8, 1),
(321, 321, POINT(29.7604, -95.3698), POINT(32.7767, -96.7970), 4.7, 1),
(322, 322, POINT(32.7767, -96.7970), POINT(34.0522, -118.2437), 5.9, 1),
(323, 323, POINT(34.0522, -118.2437), POINT(37.7749, -122.4194), 9.2, 1),
(324, 324, POINT(37.7749, -122.4194), POINT(47.6062, -122.3321), 2.6, 1),
(325, 325, POINT(47.6062, -122.3321), POINT(41.8781, -87.6298), 4.8, 1),
(326, 326, POINT(41.8781, -87.6298), POINT(39.9526, -75.1652), 7.3, 1),
(327, 327, POINT(39.9526, -75.1652), POINT(29.7604, -95.3698), 6.5, 1),
(328, 328, POINT(29.7604, -95.3698), POINT(32.7767, -96.7970), 2.9, 1),
(329, 329, POINT(32.7767, -96.7970), POINT(34.0522, -118.2437), 7.8, 1),
(330, 330, POINT(34.0522, -118.2437), POINT(37.7749, -122.4194), 4.1, 1),
(331, 331, POINT(37.7749, -122.4194), POINT(47.6062, -122.3321), 8.5, 1),
(332, 332, POINT(47.6062, -122.3321), POINT(41.8781, -87.6298), 5.6, 1),
(333, 333, POINT(41.8781, -87.6298), POINT(39.9526, -75.1652), 8.9, 1),
(334, 334, POINT(39.9526, -75.1652), POINT(29.7604, -95.3698), 3.7, 1),
(335, 335, POINT(29.7604, -95.3698), POINT(32.7767, -96.7970), 6.2, 1),
(336, 336, POINT(32.7767, -96.7970), POINT(34.0522, -118.2437), 5.4, 1),
(337, 337, POINT(34.0522, -118.2437), POINT(37.7749, -122.4194), 4.8, 1),
(338, 338, POINT(37.7749, -122.4194), POINT(47.6062, -122.3321), 6.7, 1),
(339, 339, POINT(47.6062, -122.3321), POINT(41.8781, -87.6298), 7.9, 1),
(340, 340, POINT(41.8781, -87.6298), POINT(39.9526, -75.1652), 9.3, 1),
(341, 341, POINT(39.9526, -75.1652), POINT(29.7604, -95.3698), 4.8, 1),
(342, 342, POINT(29.7604, -95.3698), POINT(32.7767, -96.7970), 8.1, 1),
(343, 343, POINT(32.7767, -96.7970), POINT(34.0522, -118.2437), 6.7, 1),
(344, 344, POINT(34.0522, -118.2437), POINT(37.7749, -122.4194), 2.8, 1),
(345, 345, POINT(37.7749, -122.4194), POINT(47.6062, -122.3321), 3.5, 1),
(346, 346, POINT(47.6062, -122.3321), POINT(41.8781, -87.6298), 9.1, 1),
(347, 347, POINT(41.8781, -87.6298), POINT(39.9526, -75.1652), 8.4, 1),
(348, 348, POINT(39.9526, -75.1652), POINT(29.7604, -95.3698), 7.2, 1),
(349, 349, POINT(29.7604, -95.3698), POINT(32.7767, -96.7970), 4.6, 1),
(350, 350, POINT(32.7767, -96.7970), POINT(34.0522, -118.2437), 5.7, 1),
(351, 351, POINT(40.7128, -74.0060), POINT(34.0522, -118.2437), 9.7, 1),
(352, 352, POINT(34.0522, -118.2437), POINT(37.7749, -122.4194), 6.2, 1),
(353, 353, POINT(37.7749, -122.4194), POINT(47.6062, -122.3321), 8.8, 1),
(354, 354, POINT(47.6062, -122.3321), POINT(41.8781, -87.6298), 4.5, 1),
(355, 355, POINT(41.8781, -87.6298), POINT(39.9526, -75.1652), 7.1, 1),
(356, 356, POINT(39.9526, -75.1652), POINT(29.7604, -95.3698), 5.6, 1),
(357, 357, POINT(29.7604, -95.3698), POINT(32.7767, -96.7970), 7.3, 1),
(358, 358, POINT(32.7767, -96.7970), POINT(34.0522, -118.2437), 8.9, 1),
(359, 359, POINT(34.0522, -118.2437), POINT(37.7749, -122.4194), 9.6, 1),
(360, 360, POINT(37.7749, -122.4194), POINT(47.6062, -122.3321), 6.9, 1),
(361, 361, POINT(47.6062, -122.3321), POINT(41.8781, -87.6298), 5.2, 1),
(362, 362, POINT(41.8781, -87.6298), POINT(39.9526, -75.1652), 7.8, 1),
(363, 363, POINT(39.9526, -75.1652), POINT(29.7604, -95.3698), 4.3, 1),
(364, 364, POINT(29.7604, -95.3698), POINT(32.7767, -96.7970), 8.6, 1),
(365, 365, POINT(32.7767, -96.7970), POINT(34.0522, -118.2437), 9.5, 1),
(366, 366, POINT(34.0522, -118.2437), POINT(37.7749, -122.4194), 3.4, 1),
(367, 367, POINT(37.7749, -122.4194), POINT(47.6062, -122.3321), 5.9, 1),
(368, 368, POINT(47.6062, -122.3321), POINT(41.8781, -87.6298), 6.1, 1),
(369, 369, POINT(41.8781, -87.6298), POINT(39.9526, -75.1652), 4.5, 1),
(370, 370, POINT(39.9526, -75.1652), POINT(29.7604, -95.3698), 7.8, 1),
(371, 371, POINT(29.7604, -95.3698), POINT(32.7767, -96.7970), 4.7, 1),
(372, 372, POINT(32.7767, -96.7970), POINT(34.0522, -118.2437), 5.9, 1),
(373, 373, POINT(34.0522, -118.2437), POINT(37.7749, -122.4194), 9.2, 1),
(374, 374, POINT(37.7749, -122.4194), POINT(47.6062, -122.3321), 2.6, 1),
(375, 375, POINT(47.6062, -122.3321), POINT(41.8781, -87.6298), 4.8, 1),
(376, 376, POINT(41.8781, -87.6298), POINT(39.9526, -75.1652), 7.3, 1),
(377, 377, POINT(39.9526, -75.1652), POINT(29.7604, -95.3698), 6.5, 1),
(378, 378, POINT(29.7604, -95.3698), POINT(32.7767, -96.7970), 2.9, 1),
(379, 379, POINT(32.7767, -96.7970), POINT(34.0522, -118.2437), 7.8, 1),
(380, 380, POINT(34.0522, -118.2437), POINT(37.7749, -122.4194), 4.1, 1),
(381, 381, POINT(37.7749, -122.4194), POINT(47.6062, -122.3321), 8.5, 1),
(382, 382, POINT(47.6062, -122.3321), POINT(41.8781, -87.6298), 5.6, 1),
(383, 383, POINT(41.8781, -87.6298), POINT(39.9526, -75.1652), 8.9, 1),
(384, 384, POINT(39.9526, -75.1652), POINT(29.7604, -95.3698), 3.7, 1),
(385, 385, POINT(29.7604, -95.3698), POINT(32.7767, -96.7970), 6.2, 1),
(386, 386, POINT(32.7767, -96.7970), POINT(34.0522, -118.2437), 5.4, 1),
(387, 387, POINT(34.0522, -118.2437), POINT(37.7749, -122.4194), 4.8, 1),
(388, 388, POINT(37.7749, -122.4194), POINT(47.6062, -122.3321), 6.7, 1),
(389, 389, POINT(47.6062, -122.3321), POINT(41.8781, -87.6298), 7.9, 1),
(390, 390, POINT(41.8781, -87.6298), POINT(39.9526, -75.1652), 9.3, 1),
(391, 391, POINT(39.9526, -75.1652), POINT(29.7604, -95.3698), 4.8, 1),
(392, 392, POINT(29.7604, -95.3698), POINT(32.7767, -96.7970), 8.1, 1),
(393, 393, POINT(32.7767, -96.7970), POINT(34.0522, -118.2437), 6.7, 1),
(394, 394, POINT(34.0522, -118.2437), POINT(37.7749, -122.4194), 2.8, 1),
(395, 395, POINT(37.7749, -122.4194), POINT(47.6062, -122.3321), 3.5, 1),
(396, 396, POINT(47.6062, -122.3321), POINT(41.8781, -87.6298), 9.1, 1),
(397, 397, POINT(41.8781, -87.6298), POINT(39.9526, -75.1652), 8.4, 1),
(398, 398, POINT(39.9526, -75.1652), POINT(29.7604, -95.3698), 7.2, 1),
(399, 399, POINT(29.7604, -95.3698), POINT(32.7767, -96.7970), 4.6, 1),
(400, 400, POINT(32.7767, -96.7970), POINT(34.0522, -118.2437), 5.7, 1),
(401, 401, POINT(40.7128, -74.0060), POINT(34.0522, -118.2437), 9.7, 1),
(402, 402, POINT(34.0522, -118.2437), POINT(37.7749, -122.4194), 6.2, 1),
(403, 403, POINT(37.7749, -122.4194), POINT(47.6062, -122.3321), 8.8, 1),
(404, 404, POINT(47.6062, -122.3321), POINT(41.8781, -87.6298), 4.5, 1),
(405, 405, POINT(41.8781, -87.6298), POINT(39.9526, -75.1652), 7.1, 1),
(406, 406, POINT(39.9526, -75.1652), POINT(29.7604, -95.3698), 5.6, 1),
(407, 407, POINT(29.7604, -95.3698), POINT(32.7767, -96.7970), 7.3, 1),
(408, 408, POINT(32.7767, -96.7970), POINT(34.0522, -118.2437), 8.9, 1),
(409, 409, POINT(34.0522, -118.2437), POINT(37.7749, -122.4194), 9.6, 1),
(410, 410, POINT(37.7749, -122.4194), POINT(47.6062, -122.3321), 6.9, 1),
(411, 411, POINT(47.6062, -122.3321), POINT(41.8781, -87.6298), 5.2, 1),
(412, 412, POINT(41.8781, -87.6298), POINT(39.9526, -75.1652), 7.8, 1),
(413, 413, POINT(39.9526, -75.1652), POINT(29.7604, -95.3698), 4.3, 1),
(414, 414, POINT(29.7604, -95.3698), POINT(32.7767, -96.7970), 8.6, 1),
(415, 415, POINT(32.7767, -96.7970), POINT(34.0522, -118.2437), 9.5, 1),
(416, 416, POINT(34.0522, -118.2437), POINT(37.7749, -122.4194), 3.4, 1),
(417, 417, POINT(37.7749, -122.4194), POINT(47.6062, -122.3321), 5.9, 1),
(418, 418, POINT(47.6062, -122.3321), POINT(41.8781, -87.6298), 6.1, 1),
(419, 419, POINT(41.8781, -87.6298), POINT(39.9526, -75.1652), 4.5, 1),
(420, 420, POINT(39.9526, -75.1652), POINT(29.7604, -95.3698), 7.8, 1),
(421, 421, POINT(29.7604, -95.3698), POINT(32.7767, -96.7970), 4.7, 1),
(422, 422, POINT(32.7767, -96.7970), POINT(34.0522, -118.2437), 5.9, 1),
(423, 423, POINT(34.0522, -118.2437), POINT(37.7749, -122.4194), 9.2, 1),
(424, 424, POINT(37.7749, -122.4194), POINT(47.6062, -122.3321), 2.6, 1),
(425, 425, POINT(47.6062, -122.3321), POINT(41.8781, -87.6298), 4.8, 1),
(426, 426, POINT(41.8781, -87.6298), POINT(39.9526, -75.1652), 7.3, 1),
(427, 427, POINT(39.9526, -75.1652), POINT(29.7604, -95.3698), 6.5, 1),
(428, 428, POINT(29.7604, -95.3698), POINT(32.7767, -96.7970), 2.9, 1),
(429, 429, POINT(32.7767, -96.7970), POINT(34.0522, -118.2437), 7.8, 1),
(430, 430, POINT(34.0522, -118.2437), POINT(37.7749, -122.4194), 4.1, 1),
(431, 431, POINT(37.7749, -122.4194), POINT(47.6062, -122.3321), 8.5, 1),
(432, 432, POINT(47.6062, -122.3321), POINT(41.8781, -87.6298), 5.6, 1),
(433, 433, POINT(41.8781, -87.6298), POINT(39.9526, -75.1652), 8.9, 1),
(434, 434, POINT(39.9526, -75.1652), POINT(29.7604, -95.3698), 3.7, 1),
(435, 435, POINT(29.7604, -95.3698), POINT(32.7767, -96.7970), 6.2, 1),
(436, 436, POINT(32.7767, -96.7970), POINT(34.0522, -118.2437), 5.4, 1),
(437, 437, POINT(34.0522, -118.2437), POINT(37.7749, -122.4194), 4.8, 1),
(438, 438, POINT(37.7749, -122.4194), POINT(47.6062, -122.3321), 6.7, 1),
(439, 439, POINT(47.6062, -122.3321), POINT(41.8781, -87.6298), 7.9, 1),
(440, 440, POINT(41.8781, -87.6298), POINT(39.9526, -75.1652), 9.3, 1),
(441, 441, POINT(39.9526, -75.1652), POINT(29.7604, -95.3698), 4.8, 1),
(442, 442, POINT(29.7604, -95.3698), POINT(32.7767, -96.7970), 8.1, 1),
(443, 443, POINT(32.7767, -96.7970), POINT(34.0522, -118.2437), 6.7, 1),
(444, 444, POINT(34.0522, -118.2437), POINT(37.7749, -122.4194), 2.8, 1),
(445, 445, POINT(37.7749, -122.4194), POINT(47.6062, -122.3321), 3.5, 1),
(446, 446, POINT(47.6062, -122.3321), POINT(41.8781, -87.6298), 9.1, 1),
(447, 447, POINT(41.8781, -87.6298), POINT(39.9526, -75.1652), 8.4, 1),
(448, 448, POINT(39.9526, -75.1652), POINT(29.7604, -95.3698), 7.2, 1),
(449, 449, POINT(29.7604, -95.3698), POINT(32.7767, -96.7970), 4.6, 1),
(450, 450, POINT(32.7767, -96.7970), POINT(34.0522, -118.2437), 5.7, 1),
(451, 451, POINT(40.7128, -74.0060), POINT(34.0522, -118.2437), 9.7, 1),
(452, 452, POINT(34.0522, -118.2437), POINT(37.7749, -122.4194), 6.2, 1),
(453, 453, POINT(37.7749, -122.4194), POINT(47.6062, -122.3321), 8.8, 1),
(454, 454, POINT(47.6062, -122.3321), POINT(41.8781, -87.6298), 4.5, 1),
(455, 455, POINT(41.8781, -87.6298), POINT(39.9526, -75.1652), 7.1, 1),
(456, 456, POINT(39.9526, -75.1652), POINT(29.7604, -95.3698), 5.6, 1),
(457, 457, POINT(29.7604, -95.3698), POINT(32.7767, -96.7970), 7.3, 1),
(458, 458, POINT(32.7767, -96.7970), POINT(34.0522, -118.2437), 8.9, 1),
(459, 459, POINT(34.0522, -118.2437), POINT(37.7749, -122.4194), 9.6, 1),
(460, 460, POINT(37.7749, -122.4194), POINT(47.6062, -122.3321), 6.9, 1),
(461, 461, POINT(47.6062, -122.3321), POINT(41.8781, -87.6298), 5.2, 1),
(462, 462, POINT(41.8781, -87.6298), POINT(39.9526, -75.1652), 7.8, 1),
(463, 463, POINT(39.9526, -75.1652), POINT(29.7604, -95.3698), 4.3, 1),
(464, 464, POINT(29.7604, -95.3698), POINT(32.7767, -96.7970), 8.6, 1),
(465, 465, POINT(32.7767, -96.7970), POINT(34.0522, -118.2437), 9.5, 1),
(466, 466, POINT(34.0522, -118.2437), POINT(37.7749, -122.4194), 3.4, 1),
(467, 467, POINT(37.7749, -122.4194), POINT(47.6062, -122.3321), 5.9, 1),
(468, 468, POINT(47.6062, -122.3321), POINT(41.8781, -87.6298), 6.1, 1),
(469, 469, POINT(41.8781, -87.6298), POINT(39.9526, -75.1652), 4.5, 1),
(470, 470, POINT(39.9526, -75.1652), POINT(29.7604, -95.3698), 7.8, 1),
(471, 471, POINT(29.7604, -95.3698), POINT(32.7767, -96.7970), 4.7, 1),
(472, 472, POINT(32.7767, -96.7970), POINT(34.0522, -118.2437), 5.9, 1),
(473, 473, POINT(34.0522, -118.2437), POINT(37.7749, -122.4194), 9.2, 1),
(474, 474, POINT(37.7749, -122.4194), POINT(47.6062, -122.3321), 2.6, 1),
(475, 475, POINT(47.6062, -122.3321), POINT(41.8781, -87.6298), 4.8, 1),
(476, 476, POINT(41.8781, -87.6298), POINT(39.9526, -75.1652), 7.3, 1),
(477, 477, POINT(39.9526, -75.1652), POINT(29.7604, -95.3698), 6.5, 1),
(478, 478, POINT(29.7604, -95.3698), POINT(32.7767, -96.7970), 2.9, 1),
(479, 479, POINT(32.7767, -96.7970), POINT(34.0522, -118.2437), 7.8, 1),
(480, 480, POINT(34.0522, -118.2437), POINT(37.7749, -122.4194), 4.1, 1),
(481, 481, POINT(37.7749, -122.4194), POINT(47.6062, -122.3321), 8.5, 1),
(482, 482, POINT(47.6062, -122.3321), POINT(41.8781, -87.6298), 5.6, 1),
(483, 483, POINT(41.8781, -87.6298), POINT(39.9526, -75.1652), 8.9, 1),
(484, 484, POINT(39.9526, -75.1652), POINT(29.7604, -95.3698), 3.7, 1),
(485, 485, POINT(29.7604, -95.3698), POINT(32.7767, -96.7970), 6.2, 1),
(486, 486, POINT(32.7767, -96.7970), POINT(34.0522, -118.2437), 5.4, 1),
(487, 487, POINT(34.0522, -118.2437), POINT(37.7749, -122.4194), 4.8, 1),
(488, 488, POINT(37.7749, -122.4194), POINT(47.6062, -122.3321), 6.7, 1),
(489, 489, POINT(47.6062, -122.3321), POINT(41.8781, -87.6298), 7.9, 1),
(490, 490, POINT(41.8781, -87.6298), POINT(39.9526, -75.1652), 9.3, 1),
(491, 491, POINT(39.9526, -75.1652), POINT(29.7604, -95.3698), 4.8, 1),
(492, 492, POINT(29.7604, -95.3698), POINT(32.7767, -96.7970), 8.1, 1),
(493, 493, POINT(32.7767, -96.7970), POINT(34.0522, -118.2437), 6.7, 1),
(494, 494, POINT(34.0522, -118.2437), POINT(37.7749, -122.4194), 2.8, 1),
(495, 495, POINT(37.7749, -122.4194), POINT(47.6062, -122.3321), 3.5, 1),
(496, 496, POINT(47.6062, -122.3321), POINT(41.8781, -87.6298), 9.1, 1),
(497, 497, POINT(41.8781, -87.6298), POINT(39.9526, -75.1652), 8.4, 1),
(498, 498, POINT(39.9526, -75.1652), POINT(29.7604, -95.3698), 7.2, 1),
(499, 499, POINT(29.7604, -95.3698), POINT(32.7767, -96.7970), 4.6, 1),
(500, 500, POINT(32.7767, -96.7970), POINT(34.0522, -118.2437), 5.7, 1),
(501, 495, POINT(47.6062, -122.3321), POINT(45.6062, -126.3321), 3.0, 2),
(502, 495, POINT(45.6062, -126.3321), POINT(18.6072, -34.3321), 6.7, 3),
(503, 490, POINT(39.9526, -75.1652), POINT(35.1526, -90.8652), 9.3, 2),
(504, 490, POINT(35.1526, -90.8652), POINT(30.1526, -100.8012), 6.3, 3),
(505, 485, POINT(32.7767, -96.7970), POINT(24.76867, -90.7990), 4.2, 2),
(506, 485, POINT(24.76867, -90.7990), POINT(29.76867, -99.1090), 6.6, 3),
(507, 485, POINT(29.76867, -99.1090), POINT(19.76867, -34.1090), 1.6, 4),
(508, 479, POINT(34.0522, -118.2437), POINT(39.0522, -88.2937), 2.8, 2),
(509, 479, POINT(39.0522, -88.2937), POINT(19.0522, -98.2937), 2.0, 3),
(510, 460, POINT(47.6062, -122.3321), POINT(17.6062, -102.1321), 1.9, 2),
(511, 460, POINT(17.6062, -102.1321), POINT(19.6062, -90.1321), 4.9, 3),
(512, 460, POINT(19.6062, -90.1321), POINT(32.6119, -78.1921), 1.5, 4),
(513, 444, POINT(37.7749, -122.4194), POINT(57.7749, -102.9894), 6.8, 2),
(514, 444, POINT(57.7749, -102.9894), POINT(27.3449, -65.1294), 3.6, 3),
(515, 441, POINT(29.7604, -95.3698), POINT(32.7604, -105.3828), 1.8, 2),
(516, 441, POINT(32.7604, -105.3828), POINT(54.7454, -78.3841), 2.2, 3),
(517, 441, POINT(54.7454, -78.3841), POINT(23.1254, -91.3211), 5.3, 4),
(518, 432, POINT(41.8781, -87.6298), POINT(39.1781, -81.1296), 5.1, 2),
(519, 432, POINT(39.1781, -81.1296), POINT(28.4381, -78.1206), 2.3, 3),
(520, 422, POINT(34.0522, -118.2437), POINT(31.0522, -110.2427), 1.9, 2),
(521, 422, POINT(31.0522, -110.2427), POINT(27.0522, -100.3127), 3.9, 3),
(522, 417, POINT(47.6062, -122.3321), POINT(43.6062, -118.5391), 5.1, 2),
(523, 417, POINT(43.6062, -118.5391), POINT(40.6360, -110.5621), 4.1, 3),
(524, 417, POINT(40.6360, -110.5621), POINT(34.6360, -98.1625), 4.9, 4),
(525, 401, POINT(34.0522, -118.2437), POINT(31.0522, -110.1437), 1.7, 2),
(526, 401, POINT(31.0522, -110.1437), POINT(27.1912, -99.1032), 1.2, 3),
(527, 401, POINT(27.1912, -99.1032), POINT(29.1322, -102.1087), 4.1, 4),
(528, 393, POINT(34.0522, -118.2437), POINT(31.2422, -108.9437), 2.7, 2),
(529, 393, POINT(31.2422, -108.9437), POINT(28.2412, -100.1436), 2.1, 3),
(530, 376, POINT(39.9526, -75.1652), POINT(36.1526, -70.9612), 2.3, 2),
(531, 364, POINT(32.7767, -96.7970), POINT(12.7467, -76.2970), 2.6, 2),
(532, 364, POINT(12.7467, -76.2970), POINT(10.7467, -70.2970), 2.1, 3),
(533, 364, POINT(10.7467, -70.2970), POINT(9.7461, -66.4920), 3.1, 4),
(534, 359, POINT(37.7749, -122.4194), POINT(33.7749, -112.7124), 1.6, 2),
(535, 359, POINT(33.7749, -112.7124), POINT(30.1749, -100.7921), 2.6, 3),
(536, 359, POINT(30.1749, -100.7921), POINT(25.3741, -98.1924), 4.2, 4),
(537, 357, POINT(32.7767, -96.7970), POINT(30.1767, -90.1970), 3.3, 2),
(538, 357, POINT(30.1767, -90.1970), POINT(26.2767, -87.1470), 2.3, 3),
(539, 354, POINT(41.8781, -87.6298), POINT(40.2781, -85.1298), 3.5, 2),
(540, 354, POINT(40.2781, -85.1298), POINT(37.2781, -83.4248), 3.1, 3),
(541, 354, POINT(37.2781, -83.4248), POINT(33.1781, -80.1238), 2.8, 4),
(542, 349, POINT(32.7767, -96.7970), POINT(30.7767, -91.1970), 4.1, 2),
(543, 347, POINT(39.9526, -75.1652), POINT(34.1526, -71.4552), 4.4, 2),
(544, 347, POINT(34.1526, -71.4552), POINT(33.3526, -70.4152), 2.1, 3),
(545, 335, POINT(29.7604, -95.3698), POINT(32.7767, -96.7970), 6.2, 1),
(546, 335, POINT(32.7767, -96.7970), POINT(30.1067, -96.4970), 5.2, 2),
(547, 335, POINT(30.1067, -96.4970), POINT(28.2067, -90.1973), 5.0, 3),
(548, 333, POINT(39.9526, -75.1652), POINT(37.1526, -72.9652), 8.7, 2),
(549, 333, POINT(37.1526, -72.9652), POINT(35.3526, -70.2650), 6.7, 3),
(550, 329, POINT(34.0522, -118.2437), POINT(31.9522, -114.1437), 6.8, 2),
(551, 329, POINT(31.9522, -114.1437), POINT(29, -110.1497), 6.1, 3),


INSERT INTO `transportation_service_db`.`user_payment_methods` (`user_payment_method_id`, `user_id`, `payment_type_id`, `is_default`)
VALUES
(1, 2, 4, 1),
(2, 4, 7, 1),
(3, 6, 5, 1),
(4, 8, 3, 1),
(5, 10, 8, 1),
(6, 12, 2, 1),
(7, 15, 6, 1),
(8, 17, 2, 1),
(9, 19, 5, 1),
(10, 21, 7, 1),
(11, 23, 4, 1),
(12, 25, 1, 1),
(13, 27, 3, 1),
(14, 29, 8, 1),
(15, 31, 6, 1),
(16, 33, 2, 1),
(17, 35, 4, 1),
(18, 37, 7, 1),
(19, 39, 4, 1),
(20, 41, 1, 1),
(21, 43, 3, 1),
(22, 45, 8, 1),
(23, 47, 6, 1),
(24, 49, 2, 1),
(25, 52, 6, 1),
(26, 54, 2, 1),
(27, 56, 5, 1),
(28, 58, 7, 1),
(29, 60, 4, 1),
(30, 62, 1, 1),
(31, 64, 3, 1),
(32, 66, 8, 1),
(33, 68, 6, 1),
(34, 70, 2, 1),
(35, 72, 5, 1),
(36, 74, 7, 1),
(37, 76, 4, 1),
(38, 78, 1, 1),
(39, 80, 3, 1),
(40, 82, 8, 1),
(41, 84, 6, 1),
(42, 86, 2, 1),
(43, 88, 5, 1),
(44, 90, 7, 1),
(45, 92, 4, 1),
(46, 94, 1, 1),
(47, 96, 3, 1),
(48, 98, 8, 1),
(49, 100, 6, 1),
(50, 102, 2, 1),
(51, 104, 5, 1),
(52, 106, 7, 1),
(53, 108, 4, 1),
(54, 110, 1, 1),
(55, 112, 3, 1),
(56, 114, 8, 1),
(57, 116, 6, 1),
(58, 118, 2, 1),
(59, 120, 5, 1),
(60, 122, 7, 1),
(61, 124, 4, 1),
(62, 126, 1, 1),
(63, 128, 3, 1),
(64, 130, 8, 1),
(65, 132, 6, 1),
(66, 134, 2, 1),
(67, 136, 5, 1),
(68, 138, 7, 1),
(69, 140, 4, 1),
(70, 142, 1, 1),
(71, 144, 3, 1),
(72, 146, 8, 1),
(73, 148, 6, 1),
(74, 150, 2, 1),
(75, 152, 5, 1),
(76, 154, 7, 1),
(77, 156, 4, 1),
(78, 158, 1, 1),
(79, 160, 3, 1),
(80, 162, 8, 1),
(81, 164, 6, 1),
(82, 166, 2, 1),
(83, 168, 5, 1),
(84, 170, 7, 1),
(85, 172, 4, 1),
(86, 174, 1, 1),
(87, 176, 3, 1),
(88, 178, 8, 1),
(89, 180, 6, 1),
(90, 182, 2, 1),
(91, 184, 5, 1),
(92, 186, 7, 1),
(93, 188, 4, 1),
(94, 190, 1, 1),
(95, 192, 3, 1),
(96, 194, 8, 1),
(97, 196, 6, 1),
(98, 198, 2, 1),
(99, 200, 5, 1),
(100, 202, 2, 1),
(101, 204, 5, 1),
(102, 206, 7, 1),
(103, 208, 4, 1),
(104, 210, 1, 1),
(105, 212, 3, 1),
(106, 214, 8, 1),
(107, 216, 6, 1),
(108, 218, 2, 1),
(109, 220, 5, 1),
(110, 222, 7, 1),
(111, 224, 4, 1),
(112, 226, 1, 1),
(113, 228, 3, 1),
(114, 230, 8, 1),
(115, 232, 6, 1),
(116, 234, 2, 1),
(117, 236, 5, 1),
(118, 238, 7, 1),
(119, 240, 4, 1),
(120, 242, 1, 1),
(121, 244, 3, 1),
(122, 246, 8, 1),
(123, 248, 6, 1),
(124, 250, 2, 1),
(125, 252, 5, 1),
(126, 254, 7, 1),
(127, 256, 4, 1),
(128, 258, 1, 1),
(129, 260, 3, 1),
(130, 262, 8, 1),
(131, 264, 6, 1),
(132, 266, 2, 1),
(133, 268, 5, 1),
(134, 270, 7, 1),
(135, 272, 4, 1),
(136, 274, 1, 1),
(137, 276, 3, 1),
(138, 278, 8, 1),
(139, 280, 6, 1),
(140, 282, 2, 1),
(141, 284, 5, 1),
(142, 286, 7, 1),
(143, 288, 4, 1),
(144, 290, 1, 1),
(145, 292, 3, 1),
(146, 294, 8, 1),
(147, 296, 6, 1),
(148, 298, 2, 1),
(149, 300, 5, 1),
(150, 302, 2, 1),
(151, 304, 5, 1),
(152, 306, 7, 1),
(153, 308, 4, 1),
(154, 310, 1, 1),
(155, 312, 3, 1),
(156, 314, 8, 1),
(157, 316, 6, 1),
(158, 318, 2, 1),
(159, 320, 5, 1),
(160, 322, 7, 1),
(161, 324, 4, 1),
(162, 326, 1, 1),
(163, 328, 3, 1),
(164, 330, 8, 1),
(165, 332, 6, 1),
(166, 334, 2, 1),
(167, 336, 5, 1),
(168, 338, 7, 1),
(169, 340, 4, 1),
(170, 342, 1, 1),
(171, 344, 3, 1),
(172, 346, 8, 1),
(173, 348, 6, 1),
(174, 350, 2, 1),
(175, 352, 5, 1),
(176, 354, 7, 1),
(177, 356, 4, 1),
(178, 358, 1, 1),
(179, 360, 3, 1),
(180, 362, 8, 1),
(181, 364, 6, 1),
(182, 366, 2, 1),
(183, 368, 5, 1),
(184, 370, 7, 1),
(185, 372, 4, 1),
(186, 374, 1, 1),
(187, 376, 3, 1),
(188, 378, 8, 1),
(189, 380, 6, 1),
(190, 382, 2, 1),
(191, 384, 5, 1),
(192, 386, 7, 1),
(193, 388, 4, 1),
(194, 390, 1, 1),
(195, 392, 3, 1),
(196, 394, 8, 1),
(197, 396, 6, 1),
(198, 398, 2, 1),
(199, 400, 5, 1),
(200, 402, 2, 1),
(201, 404, 5, 1),
(202, 406, 7, 1),
(203, 408, 4, 1),
(204, 410, 1, 1),
(205, 412, 3, 1),
(206, 414, 8, 1),
(207, 416, 6, 1),
(208, 418, 2, 1),
(209, 420, 5, 1),
(210, 422, 7, 1),
(211, 424, 4, 1),
(212, 426, 1, 1),
(213, 428, 3, 1),
(214, 430, 8, 1),
(215, 432, 6, 1),
(216, 434, 2, 1),
(217, 436, 5, 1),
(218, 438, 7, 1),
(219, 440, 4, 1),
(220, 442, 1, 1),
(221, 444, 3, 1),
(222, 446, 8, 1),
(223, 448, 6, 1),
(224, 450, 2, 1),
(225, 452, 5, 1),
(226, 454, 7, 1),
(227, 456, 4, 1),
(228, 458, 1, 1),
(229, 460, 3, 1),
(230, 462, 8, 1),
(231, 464, 6, 1),
(232, 466, 2, 1),
(233, 468, 5, 1),
(234, 470, 7, 1),
(235, 472, 4, 1),
(236, 474, 1, 1),
(237, 476, 3, 1),
(238, 478, 8, 1),
(239, 480, 6, 1),
(240, 482, 2, 1),
(241, 484, 5, 1),
(242, 486, 7, 1),
(243, 488, 4, 1),
(244, 490, 1, 1),
(245, 492, 3, 1),
(246, 494, 8, 1),
(247, 496, 6, 1),
(248, 498, 2, 1),
(249, 500, 5, 1);

  


-- Agregar registros a la tabla discounts
INSERT INTO `transportation_service_db`.`discounts` 
(`code`, `percentage`, `expiration_date`, `user_id`)
VALUES
(1, '8XB-TRSD', 5, '2027-01-25', 2),
(2, 'DXA-TES2', 15, '2025-02-20', 4),
(3, 'ABC-1234', 10, '2026-03-15', 6),
(4, 'XYZ-5678', 20, '2028-04-10', 8),
(5, 'JKL-9012', 30, '2029-05-05', 10),
(6, 'MNO-3456', 5, '2030-06-01', 12),
(7, 'DEF-4567', 5, '2027-01-25', 15),
(8, 'GHI-8901', 15, '2025-02-20', 17),
(9, 'JKL-2345', 10, '2026-03-15', 19),
(10, 'MNO-6789', 20, '2028-04-10', 21),
(11, 'PQR-0123', 30, '2029-05-05', 23),
(12, 'STU-4567', 5, '2030-06-01', 25),
(13, 'VWX-8901', 15, '2031-07-01', 27),
(14, 'YZA-2345', 10, '2032-08-01', 29),
(15, 'BCD-6789', 20, '2033-09-01', 31),
(16, 'EFG-0123', 30, '2034-10-01', 33),
(17, 'HIJ-4567', 5, '2035-11-01', 35),
(18, 'KLM-8901', 15, '2036-12-01', 37),
(19, 'NOP-2345', 10, '2037-01-01', 39),
(20, 'QRS-6789', 20, '2038-02-01', 41),
(21, 'TUV-0123', 30, '2039-03-01', 43),
(22, 'WXY-4567', 5, '2040-04-01', 45),
(23, 'ZAB-8901', 15, '2041-05-01', 47),
(24, 'CDE-2345', 10, '2042-06-01', 49),
(25, 'DEF-4567', 5, '2027-01-25', 52),
(26, 'GHI-8901', 15, '2025-02-20', 54),
(27, 'JKL-2345', 10, '2026-03-15', 56),
(28, 'MNO-6789', 20, '2028-04-10', 58),
(29, 'PQR-0123', 30, '2029-05-05', 60),
(30, 'STU-4567', 5, '2030-06-01', 62),
(31, 'VWX-8901', 15, '2031-07-01', 64),
(32, 'YZA-2345', 10, '2032-08-01', 66),
(33, 'BCD-6789', 20, '2033-09-01', 68),
(34, 'EFG-0123', 30, '2034-10-01', 70),
(35, 'HIJ-4567', 5, '2035-11-01', 72),
(36, 'KLM-8901', 15, '2036-12-01', 74),
(37, 'NOP-2345', 10, '2037-01-01', 76),
(38, 'QRS-6789', 20, '2038-02-01', 78),
(39, 'TUV-0123', 30, '2039-03-01', 80),
(40, 'WXY-4567', 5, '2040-04-01', 82),
(41, 'ZAB-8901', 15, '2041-05-01', 84),
(42, 'CDE-2345', 10, '2042-06-01', 86),
(43, 'FGH-6789', 20, '2043-07-01', 88),
(44, 'IJK-0123', 30, '2044-08-01', 90),
(45, 'LMN-4567', 5, '2045-09-01', 92),
(46, 'OPQ-8901', 15, '2046-10-01', 94),
(47, 'RST-2345', 10, '2047-11-01', 96),
(48, 'UVW-6789', 20, '2048-12-01', 98),
(49, 'XYZ-0123', 30, '2049-01-01', 100),
(50, '123-4567', 5, '2050-02-01', 102),
(51, '234-8901', 15, '2051-03-01', 104),
(52, '345-2345', 10, '2052-04-01', 106),
(53, '456-6789', 20, '2053-05-01', 108),
(54, '567-0123', 30, '2054-06-01', 110),
(55, '678-4567', 5, '2055-07-01', 112),
(56, '789-8901', 15, '2056-08-01', 114),
(57, '890-2345', 10, '2057-09-01', 116),
(58, '901-6789', 20, '2058-10-01', 118),
(59, '012-0123', 30, '2059-11-01', 120),
(60, 'ABC-1234', 5, '2027-01-25', 122),
(61, 'DEF-5678', 15, '2025-02-20', 124),
(62, 'GHI-9012', 10, '2026-03-15', 126),
(63, 'JKL-3456', 20, '2028-04-10', 128),
(64, 'MNO-7890', 30, '2029-05-05', 130),
(65, 'PQR-2345', 5, '2030-06-01', 132),
(66, 'STU-6789', 15, '2031-07-01', 134),
(67, 'VWX-0123', 10, '2032-08-01', 136),
(68, 'YZA-4567', 20, '2033-09-01', 138),
(69, 'BCD-8901', 30, '2034-10-01', 140),
(70, 'EFG-2345', 5, '2035-11-01', 142),
(71, 'HIJ-6789', 15, '2036-12-01', 144),
(72, 'KLM-0123', 10, '2037-01-01', 146),
(73, 'NOP-4567', 20, '2038-02-01', 148),
(74, 'QRS-8901', 30, '2039-03-01', 150),
(75, 'TUV-2345', 5, '2040-04-01', 152),
(76, 'WXY-6789', 15, '2041-05-01', 154),
(77, 'ZAB-0123', 10, '2042-06-01', 156),
(78, 'CDE-4567', 20, '2043-07-01', 158),
(79, 'FGH-8901', 30, '2044-08-01', 160),
(80, 'IJK-2345', 5, '2045-09-01', 162),
(81, 'LMN-6789', 15, '2046-10-01', 164),
(82, 'OPQ-0123', 10, '2047-11-01', 166),
(83, 'RST-4567', 20, '2048-12-01', 168),
(84, 'UVW-8901', 30, '2049-01-01', 170),
(85, 'XYZ-2345', 5, '2050-02-01', 172),
(86, '123-6789', 15, '2051-03-01', 174),
(87, '234-0123', 10, '2052-04-01', 176),
(88, '345-4567', 20, '2053-05-01', 178),
(89, '456-8901', 30, '2054-06-01', 180),
(90, '567-2345', 5, '2055-07-01', 182),
(91, '678-6789', 15, '2056-08-01', 184),
(92, '789-0123', 10, '2057-09-01', 186),
(93, '890-4567', 20, '2058-10-01', 188),
(94, '901-8901', 30, '2059-11-01', 190),
(95, '012-2345', 5, '2060-12-01', 192),
(96, '123-6789', 15, '2061-01-01', 194),
(97, '234-0123', 10, '2062-02-01', 196),
(98, '345-4567', 20, '2063-03-01', 198),
(99, '456-8901', 30, '2064-04-01', 200),
(100, '567-2345', 5, '2065-05-01', 202),
(101, '678-6789', 15, '2066-06-01', 204),
(102, '789-0123', 10, '2067-07-01', 206),
(103, '890-4567', 20, '2068-08-01', 208),
(104, '901-8901', 30, '2069-09-01', 210),
(105, '012-2345', 5, '2070-10-01', 212),
(106, '123-6789', 15, '2071-11-01', 214),
(107, '234-0123', 10, '2072-12-01', 216),
(108, '345-4567', 20, '2073-01-01', 218),
(109, '456-8901', 30, '2074-02-01', 220),
(110, '567-2345', 5, '2075-03-01', 222),
(111, '678-6789', 15, '2076-04-01', 224),
(112, '789-0123', 10, '2077-05-01', 226),
(113, '890-4567', 20, '2078-06-01', 228),
(114, '901-8901', 30, '2079-07-01', 230),
(115, '012-2345', 5, '2080-08-01', 232),
(116, '123-6789', 15, '2081-09-01', 234),
(117, '234-0123', 10, '2082-10-01', 236),
(118, '345-4567', 20, '2083-11-01', 238),
(119, '456-8901', 30, '2084-12-01', 240),
(120, '567-2345', 5, '2085-01-01', 242),
(121, '678-6789', 15, '2086-02-01', 244),
(122, '789-0123', 10, '2087-03-01', 246),
(123, '890-4567', 20, '2088-04-01', 248),
(124, '901-8901', 30, '2089-05-01', 250),
(125, '012-2345', 5, '2090-06-01', 252),
(126, '123-6789', 15, '2091-07-01', 254),
(127, '234-0123', 10, '2092-08-01', 256),
(128, '345-4567', 20, '2093-09-01', 258),
(129, '456-8901', 30, '2094-10-01', 260),
(130, 'ABC-1234', 5, '2027-01-25', 262),
(131, 'DEF-5678', 15, '2025-02-20', 264),
(132, 'GHI-9012', 10, '2026-03-15', 266),
(133, 'JKL-3456', 20, '2028-04-10', 268),
(134, 'MNO-7890', 30, '2029-05-05', 270),
(135, 'PQR-2345', 5, '2030-06-01', 272),
(136, 'STU-6789', 15, '2031-07-01', 274),
(137, 'VWX-0123', 10, '2032-08-01', 276),
(138, 'YZA-4567', 20, '2033-09-01', 278),
(139, 'BCD-8901', 30, '2034-10-01', 280),
(140, 'EFG-2345', 5, '2035-11-01', 282),
(141, 'HIJ-6789', 15, '2036-12-01', 284),
(142, 'KLM-0123', 10, '2037-01-01', 286),
(143, 'NOP-4567', 20, '2038-02-01', 288),
(144, 'QRS-8901', 30, '2039-03-01', 290),
(145, 'TUV-2345', 5, '2040-04-01', 292),
(146, 'WXY-6789', 15, '2041-05-01', 294),
(147, 'ZAB-0123', 10, '2042-06-01', 296),
(148, 'CDE-4567', 20, '2043-07-01', 298),
(149, 'FGH-8901', 30, '2044-08-01', 300),
(150, 'IJK-2345', 5, '2045-09-01', 302),
(151, 'LMN-6789', 15, '2046-10-01', 304),
(152, 'OPQ-0123', 10, '2047-11-01', 306),
(153, 'RST-4567', 20, '2048-12-01', 308),
(154, 'UVW-8901', 30, '2049-01-01', 310),
(155, 'XYZ-2345', 5, '2050-02-01', 312),
(156, '123-6789', 15, '2051-03-01', 314),
(157, '234-0123', 10, '2052-04-01', 316),
(158, '345-4567', 20, '2053-05-01', 318),
(159, '456-8901', 30, '2054-06-01', 320),
(160, '567-2345', 5, '2055-07-01', 322),
(161, '678-6789', 15, '2056-08-01', 324),
(162, '789-0123', 10, '2057-09-01', 326),
(163, '890-4567', 20, '2058-10-01', 328),
(164, '901-8901', 30, '2059-11-01', 330),
(165, '012-2345', 5, '2060-12-01', 332),
(166, '123-6789', 15, '2061-01-01', 334),
(167, '234-0123', 10, '2062-02-01', 336),
(168, '345-4567', 20, '2063-03-01', 338),
(169, '456-8901', 30, '2064-04-01', 340),
(170, '567-2345', 5, '2065-05-01', 342),
(171, '678-6789', 15, '2066-06-01', 344),
(172, '789-0123', 10, '2067-07-01', 346),
(173, '890-4567', 20, '2068-08-01', 348),
(174, '901-8901', 30, '2069-09-01', 350),
(175, '012-2345', 5, '2070-10-01', 352),
(176, '123-6789', 15, '2071-11-01', 354),
(177, '234-0123', 10, '2072-12-01', 356),
(178, '345-4567', 20, '2073-01-01', 358),
(179, '456-8901', 30, '2074-02-01', 360),
(180, '567-2345', 5, '2075-03-01', 362),
(181, '678-6789', 15, '2076-04-01', 364),
(182, '789-0123', 10, '2077-05-01', 366),
(183, '890-4567', 20, '2078-06-01', 368),
(184, '901-8901', 30, '2079-07-01', 370),
(185, '012-2345', 5, '2080-08-01', 372),
(186, '123-6789', 15, '2081-09-01', 374),
(187, '234-0123', 10, '2082-10-01', 376),
(188, '345-4567', 20, '2083-11-01', 378),
(189, '456-8901', 30, '2084-12-01', 380),
(190, '567-2345', 5, '2085-01-01', 382),
(191, '678-6789', 15, '2086-02-01', 384),
(192, '789-0123', 10, '2087-03-01', 386),
(193, '890-4567', 20, '2088-04-01', 388),
(194, '901-8901', 30, '2089-05-01', 390),
(195, '012-2345', 5, '2090-06-01', 392),
(196, '123-6789', 15, '2091-07-01', 394),
(197, '234-0123', 10, '2092-08-01', 396),
(198, '345-4567', 20, '2093-09-01', 398),
(199, '456-8901', 30, '2094-10-01', 400),
(200, '345-4567', 20, '2093-09-01', 402),
(201, '456-8901', 30, '2094-10-01', 404),
(202, '789-1234', 15, '2095-11-01', 406),
(203, '012-5678', 10, '2096-12-01', 408),
(204, '345-9012', 20, '2097-01-01', 410),
(205, '678-3456', 5, '2098-02-01', 412),
(206, '901-7890', 30, '2099-03-01', 414),
(207, '234-2345', 15, '2100-04-01', 416),
(208, '567-6789', 10, '2101-05-01', 418),
(209, '890-0123', 20, '2102-06-01', 420),
(210, '123-4567', 5, '2103-07-01', 422),
(211, '456-8901', 30, '2104-08-01', 424),
(212, '789-2345', 15, '2105-09-01', 426),
(213, '012-6789', 10, '2106-10-01', 428),
(214, '345-0123', 20, '2107-11-01', 430),
(215, '678-4567', 5, '2108-12-01', 432),
(216, '901-8901', 30, '2109-01-01', 434),
(217, '234-2345', 15, '2110-02-01', 436),
(218, '567-6789', 10, '2111-03-01', 438),
(219, '890-0123', 20, '2112-04-01', 440),
(220, '123-4567', 5, '2113-05-01', 442),
(221, '456-8901', 30, '2114-06-01', 444),
(222, '789-2345', 15, '2115-07-01', 446),
(223, '012-6789', 10, '2116-08-01', 448),
(224, '345-0123', 20, '2117-09-01', 450),
(225, '678-4567', 5, '2118-10-01', 452),
(226, '901-8901', 30, '2119-11-01', 454),
(227, '234-2345', 15, '2120-12-01', 456),
(228, '567-6789', 10, '2121-01-01', 458),
(229, '890-0123', 20, '2122-02-01', 460),
(230, '123-4567', 5, '2123-03-01', 462),
(231, '456-8901', 30, '2124-04-01', 464),
(232, '789-2345', 15, '2125-05-01', 466),
(233, '012-6789', 10, '2126-06-01', 468),
(234, '345-0123', 20, '2127-07-01', 470),
(235, '678-4567', 5, '2128-08-01', 472),
(236, '901-8901', 30, '2129-09-01', 474),
(237, '234-2345', 15, '2130-10-01', 476),
(238, '567-6789', 10, '2131-11-01', 478),
(239, '890-0123', 20, '2132-12-01', 480),
(240, '123-4567', 5, '2133-01-01', 482),
(241, '456-8901', 30, '2134-02-01', 484),
(242, '789-2345', 15, '2135-03-01', 486),
(243, '012-6789', 10, '2136-04-01', 488),
(244, '345-0123', 20, '2137-05-01', 490),
(245, '678-4567', 5, '2138-06-01', 492),
(246, '901-8901', 30, '2139-07-01', 494),
(247, '234-2345', 15, '2140-08-01', 496),
(248, '567-6789', 10, '2141-09-01', 498),
(249, '890-0123', 20, '2142-10-01', 500);



 INSERT INTO  `transportation_service_db`.`payments` (`payments_id`, `trip_id`, `user_payment_method_id`, `discount_id`, `sub_total`, `discount`, `total`, `is_payed`, `is_returned`)
VALUES 
(1, 2, 1, 1, 18.25, 4.90, 13.35, 0, 1),
(2, 4, 2, 2, 12.50, 3.30, 9.20, 1, 0),
(3, 6, 3, 3, 14.75, 6.20, 8.55, 0, 1),
(4, 8, 4, 4, 10.80, 2.70, 8.10, 1, 1),
(5, 10, 5, 5, 16.90, 5.20, 11.70, 1, 0),
(6, 12, 6, 6, 19.40, 7.50, 11.90, 1, 0),
(7, 15, 7, 7, 18.25, 4.90, 13.35, 0, 1),
(8, 17, 8, 8, 12.50, 3.30, 9.20, 1, 0),
(9, 19, 9, 9, 14.75, 6.20, 8.55, 0, 1),
(10, 21, 10, 10, 10.80, 2.70, 8.10, 1, 0),
(11, 23, 11, 11, 16.90, 5.20, 11.70, 1, 0),
(12, 25, 12, 12, 19.40, 7.50, 11.90, 1, 0),
(13, 27, 13, 13, 13.20, 3.80, 9.40, 1, 1),
(14, 29, 14, 14, 17.60, 6.90, 10.70, 1, 0),
(15, 31, 15, 15, 20.00, 8.00, 12.00, 1, 0),
(16, 33, 16, 16, 11.50, 2.30, 9.20, 1, 0),
(17, 35, 17, 17, 14.30, 4.60, 9.70, 1, 1),
(18, 37, 18, 18, 16.80, 7.20, 9.60, 1, 0),
(19, 39, 19, 19, 9.90, 1.80, 8.10, 0, 1),
(20, 41, 20, 20, 18.70, 5.30, 13.40, 1, 0),
(21, 43, 21, 21, 15.60, 3.90, 11.70, 0, 1),
(22, 45, 22, 22, 13.90, 2.10, 11.80, 1, 0),
(23, 47, 23, 23, 19.20, 6.80, 12.40, 0, 1),
(24, 49, 24, 24, 11.70, 4.50, 7.20, 1, 0),
(25, 52, 25, 25, 18.25, 4.90, 13.35, 0, 1),
(26, 54, 26, 26, 12.50, 3.30, 9.20, 1, 0),
(27, 56, 27, 27, 14.75, 6.20, 8.55, 0, 1),
(28, 58, 28, 28, 10.80, 2.70, 8.10, 1, 1),
(29, 60, 29, 29, 16.90, 5.20, 11.70, 0, 0),
(30, 62, 30, 30, 19.40, 7.50, 11.90, 1, 0),
(31, 64, 31, 31, 13.20, 3.80, 9.40, 1, 1),
(32, 66, 32, 32, 17.60, 6.90, 10.70, 0, 0),
(33, 68, 33, 33, 20.00, 8.00, 12.00, 1, 1),
(34, 70, 34, 34, 11.50, 2.30, 9.20, 0, 0),
(35, 72, 35, 35, 14.30, 4.60, 9.70, 1, 1),
(36, 74, 36, 36, 16.80, 7.20, 9.60, 1, 0),
(37, 76, 37, 37, 9.90, 1.80, 8.10, 0, 1),
(38, 78, 38, 38, 18.70, 5.30, 13.40, 1, 0),
(39, 80, 39, 39, 15.60, 3.90, 11.70, 0, 1),
(40, 82, 40, 40, 13.90, 2.10, 11.80, 1, 0),
(41, 84, 41, 41, 19.20, 6.80, 12.40, 0, 1),
(42, 86, 42, 42, 11.70, 4.50, 7.20, 1, 0),
(43, 88, 43, 43, 15.40, 5.60, 9.80, 0, 1),
(44, 90, 44, 44, 17.80, 6.70, 11.10, 1, 0),
(45, 92, 45, 45, 14.60, 2.80, 11.80, 0, 1),
(46, 94, 46, 46, 12.80, 3.20, 9.60, 1, 0),
(47, 96, 47, 47, 19.10, 7.10, 12.00, 0, 1),
(48, 98, 48, 48, 18.30, 6.40, 11.90, 1, 0),
(49, 100, 49, 49, 15.90, 4.30, 11.60, 0, 1),
(50, 102, 50, 50, 13.40, 3.40, 10.00, 1, 0),
(51, 104, 51, 51, 17.20, 5.80, 11.40, 0, 1),
(52, 106, 52, 52, 18.90, 7.30, 11.60, 1, 0),
(53, 108, 53, 53, 16.40, 4.90, 11.50, 0, 1),
(54, 110, 54, 54, 14.80, 3.70, 11.10, 1, 0),
(55, 112, 55, 55, 12.70, 2.40, 10.30, 0, 1),
(56, 114, 56, 56, 19.30, 6.50, 12.80, 1, 0),
(57, 116, 57, 57, 17.70, 5.50, 12.20, 0, 1),
(58, 118, 58, 58, 16.10, 4.20, 11.90, 1, 0),
(59, 120, 59, 59, 15.10, 4.00, 11.10, 0, 1),
(60, 122, 60, 60, 13.50, 2.60, 10.90, 1, 0),
(61, 124, 61, 61, 12.90, 2.20, 10.70, 0, 1),
(62, 126, 62, 62, 19.50, 7.80, 11.70, 1, 0),
(63, 128, 63, 63, 18.20, 7.00, 11.20, 0, 1),
(64, 130, 64, 64, 16.70, 5.00, 11.70, 1, 0),
(65, 132, 65, 65, 14.50, 3.60, 10.90, 0, 1),
(66, 134, 66, 66, 12.60, 2.50, 10.10, 1, 0),
(67, 136, 67, 67, 19.10, 6.60, 12.50, 0, 1),
(68, 138, 68, 68, 17.90, 5.70, 12.20, 1, 0),
(69, 140, 69, 69, 15.80, 4.40, 11.40, 0, 1),
(70, 142, 70, 70, 13.70, 2.90, 10.80, 1, 0),
(71, 144, 71, 71, 12.40, 2.10, 10.30, 0, 1),
(72, 146, 72, 72, 19.20, 7.20, 12.00, 1, 0),
(73, 148, 73, 73, 18.40, 6.90, 11.80, 0, 1),
(74, 150, 74, 74, 16.60, 5.30, 11.30, 1, 0),
(75, 152, 75, 75, 14.90, 3.80, 11.10, 0, 1),
(76, 154, 76, 76, 13.30, 2.70, 10.60, 1, 0),
(77, 156, 77, 77, 19.40, 7.40, 12.00, 0, 1),
(78, 158, 78, 78, 17.60, 6.10, 11.50, 1, 0),
(79, 160, 79, 79, 15.70, 4.60, 11.10, 0, 1),
(80, 162, 80, 80, 13.60, 3.10, 10.50, 1, 0),
(81, 164, 81, 81, 12.50, 2.20, 10.30, 0, 1),
(82, 166, 82, 82, 19.30, 7.00, 12.30, 1, 0),
(83, 168, 83, 83, 18.50, 6.50, 12.00, 0, 1),
(84, 170, 84, 84, 16.80, 5.20, 11.60, 1, 0),
(85, 172, 85, 85, 15.20, 4.00, 11.20, 0, 1),
(86, 174, 86, 86, 14.20, 3.50, 10.70, 1, 0),
(87, 176, 87, 87, 19.50, 7.80, 12.40, 0, 1),
(88, 178, 88, 88, 17.90, 6.60, 11.30, 1, 0),
(89, 180, 89, 89, 16.70, 5.50, 11.20, 0, 1),
(90, 182, 90, 90, 18.25, 4.90, 13.35, 0, 1),
(91, 184, 91, 91, 12.50, 3.30, 9.20, 1, 0),
(92, 186, 92, 92, 14.75, 6.20, 8.55, 0, 1),
(93, 188, 93, 93, 10.80, 2.70, 8.10, 1, 1),
(94, 190, 94, 94, 16.90, 5.20, 11.70, 0, 0),
(95, 192, 95, 95, 19.40, 7.50, 11.90, 1, 0),
(96, 194, 96, 96, 13.20, 3.80, 9.40, 1, 1),
(97, 196, 97, 97, 17.60, 6.90, 10.70, 0, 0),
(98, 198, 98, 98, 20.00, 8.00, 12.00, 1, 1),
(99, 200, 99, 99, 11.50, 2.30, 9.20, 0, 0),
(100, 202, 100, 100, 14.30, 4.60, 9.70, 1, 1),
(101, 204, 101, 101, 16.80, 7.20, 9.60, 1, 0),
(102, 206, 102, 102, 9.90, 1.80, 8.10, 0, 1),
(103, 208, 103, 103, 18.70, 5.30, 13.40, 1, 0),
(104, 210, 104, 104, 15.60, 3.90, 11.70, 0, 1),
(105, 212, 105, 105, 13.90, 2.10, 11.80, 1, 0),
(106, 214, 106, 106, 19.20, 6.80, 12.40, 0, 1),
(107, 216, 107, 107, 11.70, 4.50, 7.20, 1, 0),
(108, 218, 108, 108, 15.40, 5.60, 9.80, 0, 1),
(109, 220, 109, 109, 17.80, 6.70, 11.10, 1, 0),
(110, 222, 110, 110, 14.60, 2.80, 11.80, 0, 1),
(111, 224, 111, 111, 12.80, 3.20, 9.60, 1, 0),
(112, 226, 112, 112, 19.10, 7.10, 12.00, 0, 1),
(113, 228, 113, 113, 18.30, 6.40, 11.90, 1, 0),
(114, 230, 114, 114, 15.90, 4.30, 11.60, 0, 1),
(115, 232, 115, 115, 13.40, 3.40, 10.00, 1, 0),
(116, 234, 116, 116, 17.20, 5.80, 11.40, 0, 1),
(117, 236, 117, 117, 18.90, 7.30, 11.60, 1, 0),
(118, 238, 118, 118, 16.40, 4.90, 11.50, 0, 1),
(119, 240, 119, 119, 14.80, 3.70, 11.10, 1, 0),
(120, 242, 120, 120, 12.70, 2.40, 10.30, 0, 1),
(121, 244, 121, 121, 19.30, 6.50, 12.80, 1, 0),
(122, 246, 122, 122, 17.70, 5.50, 12.20, 0, 1),
(123, 248, 123, 123, 16.10, 4.20, 11.90, 1, 0),
(124, 250, 124, 124, 15.10, 4.00, 11.10, 0, 1),
(125, 252, 125, 125, 13.50, 2.60, 10.90, 1, 0),
(126, 254, 126, 126, 12.90, 2.20, 10.70, 0, 1),
(127, 256, 127, 127, 19.50, 7.80, 11.70, 1, 0),
(128, 258, 128, 128, 18.20, 7.00, 11.20, 0, 1),
(129, 260, 129, 129, 16.70, 5.00, 11.70, 1, 0),
(130, 262, 130, 130, 14.50, 3.60, 10.90, 0, 1),
(131, 264, 131, 131, 12.60, 2.50, 10.10, 1, 0),
(132, 266, 132, 132, 19.10, 6.60, 12.50, 0, 1),
(133, 268, 133, 133, 17.90, 5.70, 12.20, 1, 0),
(134, 270, 134, 134, 15.80, 4.40, 11.40, 0, 1),
(135, 272, 135, 135, 13.70, 2.90, 10.80, 1, 0),
(136, 274, 136, 136, 12.40, 2.10, 10.30, 0, 1),
(137, 276, 137, 137, 19.20, 7.20, 12.00, 1, 0),
(138, 278, 138, 138, 18.40, 6.90, 11.80, 0, 1),
(139, 280, 139, 139, 16.60, 5.30, 11.30, 1, 0),
(140, 282, 140, 140, 14.90, 3.80, 11.10, 0, 1),
(141, 284, 141, 141, 13.30, 2.70, 10.60, 1, 0),
(142, 286, 142, 142, 19.40, 7.40, 12.00, 0, 1),
(143, 288, 143, 143, 17.60, 6.10, 11.50, 1, 0),
(144, 290, 144, 144, 15.70, 4.60, 11.10, 0, 1),
(145, 292, 145, 145, 13.60, 3.10, 10.50, 1, 0),
(146, 294, 146, 146, 12.50, 2.20, 10.30, 0, 1),
(147, 296, 147, 147, 19.30, 7.00, 12.30, 1, 0),
(148, 298, 148, 148, 18.50, 6.50, 12.00, 0, 1),
(149, 300, 149, 149, 16.80, 5.20, 11.60, 1, 0),
(150, 302, 150, 150, 18.25, 4.90, 13.35, 0, 1),
(151, 304, 151, 151, 12.50, 3.30, 9.20, 1, 0),
(152, 306, 152, 152, 14.75, 6.20, 8.55, 0, 1),
(153, 308, 153, 153, 10.80, 2.70, 8.10, 1, 1),
(154, 310, 154, 154, 16.90, 5.20, 11.70, 0, 0),
(155, 312, 155, 155, 19.40, 7.50, 11.90, 1, 0),
(156, 314, 156, 156, 13.20, 3.80, 9.40, 1, 1),
(157, 316, 157, 157, 17.60, 6.90, 10.70, 0, 0),
(158, 318, 158, 158, 20.00, 8.00, 12.00, 1, 1),
(159, 320, 159, 159, 11.50, 2.30, 9.20, 0, 0),
(160, 322, 160, 160, 14.30, 4.60, 9.70, 1, 1),
(161, 324, 161, 161, 16.80, 7.20, 9.60, 1, 0),
(162, 326, 162, 162, 9.90, 1.80, 8.10, 0, 1),
(163, 328, 163, 163, 18.70, 5.30, 13.40, 1, 0),
(164, 330, 164, 164, 15.60, 3.90, 11.70, 0, 1),
(165, 332, 165, 165, 13.90, 2.10, 11.80, 1, 0),
(166, 334, 166, 166, 19.20, 6.80, 12.40, 0, 1),
(167, 336, 167, 167, 11.70, 4.50, 7.20, 1, 0),
(168, 338, 168, 168, 15.40, 5.60, 9.80, 0, 1),
(169, 340, 169, 169, 17.80, 6.70, 11.10, 1, 0),
(170, 342, 170, 170, 14.60, 2.80, 11.80, 0, 1),
(171, 344, 171, 171, 12.80, 3.20, 9.60, 1, 0),
(172, 346, 172, 172, 19.10, 7.10, 12.00, 0, 1),
(173, 348, 173, 173, 18.30, 6.40, 11.90, 1, 0),
(174, 350, 174, 174, 15.90, 4.30, 11.60, 0, 1),
(175, 352, 175, 175, 13.40, 3.40, 10.00, 1, 0),
(176, 354, 176, 176, 17.20, 5.80, 11.40, 0, 1),
(177, 356, 177, 177, 18.90, 7.30, 11.60, 1, 0),
(178, 358, 178, 178, 16.40, 4.90, 11.50, 0, 1),
(179, 360, 179, 179, 14.80, 3.70, 11.10, 1, 0),
(180, 362, 180, 180, 12.70, 2.40, 10.30, 0, 1),
(181, 364, 181, 181, 19.30, 6.50, 12.80, 1, 0),
(182, 366, 182, 182, 17.70, 5.50, 12.20, 0, 1),
(183, 368, 183, 183, 16.10, 4.20, 11.90, 1, 0),
(184, 370, 184, 184, 15.10, 4.00, 11.10, 0, 1),
(185, 372, 185, 185, 13.50, 2.60, 10.90, 1, 0),
(186, 374, 186, 186, 12.90, 2.20, 10.70, 0, 1),
(187, 376, 187, 187, 19.50, 7.80, 11.70, 1, 0),
(188, 378, 188, 188, 18.20, 7.00, 11.20, 0, 1),
(189, 380, 189, 189, 16.70, 5.00, 11.70, 1, 0),
(190, 382, 190, 190, 14.50, 3.60, 10.90, 0, 1),
(191, 384, 191, 191, 12.60, 2.50, 10.10, 1, 0),
(192, 386, 192, 192, 19.10, 6.60, 12.50, 0, 1),
(193, 388, 193, 193, 17.90, 5.70, 12.20, 1, 0),
(194, 390, 194, 194, 15.80, 4.40, 11.40, 0, 1),
(195, 392, 195, 195, 13.70, 2.90, 10.80, 1, 0),
(196, 394, 196, 196, 12.40, 2.10, 10.30, 0, 1),
(197, 396, 197, 197, 19.20, 7.20, 12.00, 1, 0),
(198, 398, 198, 198, 18.40, 6.90, 11.80, 0, 1),
(199, 400, 199, 199, 16.60, 5.30, 11.30, 1, 0),
(200, 402, 200, 200, 14.90, 3.80, 11.10, 0, 1),
(201, 404, 201, 201, 13.30, 2.70, 10.60, 1, 0),
(202, 406, 202, 202, 19.40, 7.40, 12.00, 0, 1),
(203, 408, 203, 203, 17.60, 6.10, 11.50, 1, 0),
(204, 410, 204, 204, 15.70, 4.60, 11.10, 0, 1),
(205, 412, 205, 205, 13.60, 3.10, 10.50, 1, 0),
(206, 414, 206, 206, 12.50, 2.20, 10.30, 0, 1),
(207, 416, 207, 207, 19.30, 7.00, 12.30, 1, 0),
(208, 418, 208, 208, 18.50, 6.50, 12.00, 0, 1),
(209, 420, 209, 209, 16.80, 5.20, 11.60, 1, 0),
(210, 422, 210, 210, 18.25, 4.90, 13.35, 0, 1),
(211, 424, 211, 211, 12.50, 3.30, 9.20, 1, 0),
(212, 426, 212, 212, 14.75, 6.20, 8.55, 0, 1),
(213, 428, 213, 213, 10.80, 2.70, 8.10, 1, 1),
(214, 430, 214, 214, 16.90, 5.20, 11.70, 0, 0),
(215, 432, 215, 215, 19.40, 7.50, 11.90, 1, 0),
(216, 434, 216, 216, 13.20, 3.80, 9.40, 1, 1),
(217, 436, 217, 217, 17.60, 6.90, 10.70, 0, 0),
(218, 438, 218, 218, 20.00, 8.00, 12.00, 1, 1),
(219, 440, 219, 219, 11.50, 2.30, 9.20, 0, 0),
(220, 442, 220, 220, 14.30, 4.60, 9.70, 1, 1),
(221, 444, 221, 221, 16.80, 7.20, 9.60, 1, 0),
(222, 446, 222, 222, 9.90, 1.80, 8.10, 0, 1),
(223, 448, 223, 223, 18.70, 5.30, 13.40, 1, 0),
(224, 450, 224, 224, 15.60, 3.90, 11.70, 0, 1),
(225, 452, 225, 225, 13.90, 2.10, 11.80, 1, 0),
(226, 454, 226, 226, 19.20, 6.80, 12.40, 0, 1),
(227, 456, 227, 227, 11.70, 4.50, 7.20, 1, 0),
(228, 458, 228, 228, 15.40, 5.60, 9.80, 0, 1),
(229, 460, 229, 229, 17.80, 6.70, 11.10, 1, 0),
(230, 462, 230, 230, 14.60, 2.80, 11.80, 0, 1),
(231, 464, 231, 231, 12.80, 3.20, 9.60, 1, 0),
(232, 466, 232, 232, 19.10, 7.10, 12.00, 0, 1),
(233, 468, 233, 233, 18.30, 6.40, 11.90, 1, 0),
(234, 470, 234, 234, 15.90, 4.30, 11.60, 0, 1),
(235, 472, 235, 235, 13.40, 3.40, 10.00, 1, 0),
(236, 474, 236, 236, 17.20, 5.80, 11.40, 0, 1),
(237, 476, 237, 237, 18.90, 7.30, 11.60, 1, 0),
(238, 478, 238, 238, 16.40, 4.90, 11.50, 0, 1),
(239, 480, 239, 239, 14.80, 3.70, 11.10, 1, 0),
(240, 482, 240, 240, 12.70, 2.40, 10.30, 0, 1),
(241, 484, 241, 241, 19.30, 6.50, 12.80, 1, 0),
(242, 486, 242, 242, 17.70, 5.50, 12.20, 0, 1),
(243, 488, 243, 243, 16.10, 4.20, 11.90, 1, 0),
(244, 490, 244, 244, 15.10, 4.00, 11.10, 0, 1),
(245, 492, 245, 245, 13.50, 2.60, 10.90, 1, 0),
(246, 494, 246, 246, 12.90, 2.20, 10.70, 0, 1),
(247, 496, 247, 247, 19.50, 7.80, 11.70, 1, 0),
(248, 498, 248, 248, 18.20, 7.00, 11.20, 0, 1),
(249, 500, 249, 249, 16.70, 5.00, 11.70, 1, 0);



  INSERT INTO `transportation_service_db`.`vouchers` 
  (voucher_id, code, expiration_date, user_payment_method_id) 
  VALUES
(1, 'A1B2C3D4E5F', NULL, 1),
(2, 'G6H7I8J9K0L', NULL, 2),
(3, 'M1N2O3P4Q5R', NULL, 3),
(4, 'S6T7U8V9W0X', NULL, 4),
(5, 'Y1Z2A3B4C5D', NULL, 5),
(6, 'E6F7G8H9I0J', NULL, 6),
(7, 'K1L2M3N4O5P', NULL, 7),
(8, 'Q6R7S8T9U0V', NULL, 8),
(9, 'W1X2Y3Z4A5B', NULL, 9),
(10, 'C6D7E8F9G0H', NULL, 10),
(11, 'I1J2K3L4M5N', NULL, 11),
(12, 'O6P7Q8R9S0T', NULL, 12),
(13, 'U1V2W3X4Y5Z', NULL, 13),
(14, 'B6C7D8E9F0G', NULL, 14),
(15, 'H1I2J3K4L5M', NULL, 15),
(16, 'N6O7P8Q9R0S', NULL, 16),
(17, 'T1U2V3W4X5Y', NULL, 17),
(18, 'Z6A7B8C9D0E', NULL, 18),
(19, 'F1G2H3I4J5K', NULL, 19),
(20, 'L6M7N8O9P0Q', NULL, 20),
(21, 'R1S2T3U4V5W', NULL, 21),
(22, 'X6Y7Z8A9B0C', NULL, 22),
(23, 'D1E2F3G4H5I', NULL, 23),
(24, 'J6K7L8M9N0O', NULL, 24),
(25, 'P1Q2R3S4T5U', NULL, 25),
(26, 'V6W7X8Y9Z0A', NULL, 26),
(27, 'B1C2D3E4F5G', NULL, 27),
(28, 'H6I7J8K9L0M', NULL, 28),
(29, 'N1O2P3Q4R5S', NULL, 29),
(30, 'T6U7V8W9X0Y', NULL, 30),
(31, 'Z1A2B3C4D5E', NULL, 31),
(32, 'F6G7H8I9J0K', NULL, 32),
(33, 'L1M2N3O4P5Q', NULL, 33),
(34, 'R6S7T8U9V0W', NULL, 34),
(35, 'X1Y2Z3A4B5C', NULL, 35),
(36, 'D6E7F8G9H0I', NULL, 36),
(37, 'J1K2L3M4N5O', NULL, 37),
(38, 'P6Q7R8S9T0U', NULL, 38),
(39, 'V1W2X3Y4Z5A', NULL, 39),
(40, 'B6C7D8E9F0G', NULL, 40),
(41, 'H1I2J3K4L5M', NULL, 41),
(42, 'N6O7P8Q9R0S', NULL, 42),
(43, 'T1U2V3W4X5Y', NULL, 43),
(44, 'Z6A7B8C9D0E', NULL, 44),
(45, 'F1G2H3I4J5K', NULL, 45),
(46, 'L6M7N8O9P0Q', NULL, 46),
(47, 'R1S2T3U4V5W', NULL, 47),
(48, 'X6Y7Z8A9B0C', NULL, 48),
(49, 'D1E2F3G4H5I', NULL, 49),
(50, 'J6K7L8M9N0O', NULL, 50),
(51, 'P1Q2R3S4T5U', NULL, 51),
(52, 'V6W7X8Y9Z0A', NULL, 52),
(53, 'B1C2D3E4F5G', NULL, 53),
(54, 'H6I7J8K9L0M', NULL, 54),
(55, 'N1O2P3Q4R5S', NULL, 55),
(56, 'T6U7V8W9X0Y', NULL, 56),
(57, 'Z1A2B3C4D5E', NULL, 57),
(58, 'F6G7H8I9J0K', NULL, 58),
(59, 'L1M2N3O4P5Q', NULL, 59),
(60, 'R6S7T8U9V0W', NULL, 60),
(61, 'X1Y2Z3A4B5C', NULL, 61),
(62, 'D6E7F8G9H0I', NULL, 62),
(63, 'J1K2L3M4N5O', NULL, 63),
(64, 'P6Q7R8S9T0U', NULL, 64),
(65, 'V1W2X3Y4Z5A', NULL, 65),
(66, 'B6C7D8E9F0G', NULL, 66),
(67, 'H1I2J3K4L5M', NULL, 67),
(68, 'N6O7P8Q9R0S', NULL, 68),
(69, 'T1U2V3W4X5Y', NULL, 69),
(70, 'Z6A7B8C9D0E', NULL, 70),
(71, 'F1G2H3I4J5K', NULL, 71),
(72, 'L6M7N8O9P0Q', NULL, 72),
(73, 'R1S2T3U4V5W', NULL, 73),
(74, 'X6Y7Z8A9B0C', NULL, 74),
(75, 'D1E2F3G4H5I', NULL, 75),
(76, 'J6K7L8M9N0O', NULL, 76),
(77, 'P1Q2R3S4T5U', NULL, 77),
(78, 'V6W7X8Y9Z0A', NULL, 78),
(79, 'B1C2D3E4F5G', NULL, 79),
(80, 'H6I7J8K9L0M', NULL, 80),
(81, 'N1O2P3Q4R5S', NULL, 81),
(82, 'T6U7V8W9X0Y', NULL, 82),
(83, 'Z1A2B3C4D5E', NULL, 83),
(84, 'F6G7H8I9J0K', NULL, 84),
(85, 'L1M2N3O4P5Q', NULL, 85),
(86, 'R6S7T8U9V0W', NULL, 86),
(87, 'X1Y2Z3A4B5C', NULL, 87),
(88, 'D6E7F8G9H0I', NULL, 88),
(89, 'J1K2L3M4N5O', NULL, 89),
(90, 'P6Q7R8S9T0U', NULL, 90),
(91, 'V1W2X3Y4Z5A', NULL, 91),
(92, 'B6C7D8E9F0G', NULL, 92),
(93, 'H1I2J3K4L5M', NULL, 93),
(94, 'N6O7P8Q9R0S', NULL, 94),
(95, 'T1U2V3W4X5Y', NULL, 95),
(96, 'Z6A7B8C9D0E', NULL, 96),
(97, 'F1G2H3I4J5K', NULL, 97),
(98, 'L6M7N8O9P0Q', NULL, 98),
(99, 'R1S2T3U4V5W', NULL, 99),
(100, 'X6Y7Z8A9B0C', NULL, 100),
(101, 'D1E2F3G4H5I', NULL, 101),
(102, 'J6K7L8M9N0O', NULL, 102),
(103, 'P1Q2R3S4T5U', NULL, 103),
(104, 'V6W7X8Y9Z0A', NULL, 104),
(105, 'B1C2D3E4F5G', NULL, 105),
(106, 'H6I7J8K9L0M', NULL, 106),
(107, 'N1O2P3Q4R5S', NULL, 107),
(108, 'T6U7V8W9X0Y', NULL, 108),
(109, 'Z1A2B3C4D5E', NULL, 109),
(110, 'F6G7H8I9J0K', NULL, 110),
(111, 'L1M2N3O4P5Q', NULL, 111),
(112, 'R6S7T8U9V0W', NULL, 112),
(113, 'X1Y2Z3A4B5C', NULL, 113),
(114, 'D6E7F8G9H0I', NULL, 114),
(115, 'J1K2L3M4N5O', NULL, 115),
(116, 'P6Q7R8S9T0U', NULL, 116),
(117, 'V1W2X3Y4Z5A', NULL, 117),
(118, 'B6C7D8E9F0G', NULL, 118),
(119, 'H1I2J3K4L5M', NULL, 119),
(120, 'N6O7P8Q9R0S', NULL, 120),
(121, 'T1U2V3W4X5Y', NULL, 121),
(122, 'Z6A7B8C9D0E', NULL, 122),
(123, 'F1G2H3I4J5K', NULL, 123),
(124, 'L6M7N8O9P0Q', NULL, 124),
(125, 'R1S2T3U4V5W', NULL, 125),
(126, 'X6Y7Z8A9B0C', NULL, 126),
(127, 'D1E2F3G4H5I', NULL, 127),
(128, 'J6K7L8M9N0O', NULL, 128),
(129, 'P1Q2R3S4T5U', NULL, 129),
(130, 'V6W7X8Y9Z0A', NULL, 130),
(131, 'B1C2D3E4F5G', NULL, 131),
(132, 'H6I7J8K9L0M', NULL, 132),
(133, 'N1O2P3Q4R5S', NULL, 133),
(134, 'T6U7V8W9X0Y', NULL, 134),
(135, 'Z1A2B3C4D5E', NULL, 135),
(136, 'F6G7H8I9J0K', NULL, 136),
(137, 'L1M2N3O4P5Q', NULL, 137),
(138, 'R6S7T8U9V0W', NULL, 138),
(139, 'X1Y2Z3A4B5C', NULL, 139),
(140, 'D6E7F8G9H0I', NULL, 140),
(141, 'J1K2L3M4N5O', NULL, 141),
(142, 'P6Q7R8S9T0U', NULL, 142),
(143, 'V1W2X3Y4Z5A', NULL, 143),
(144, 'B6C7D8E9F0G', NULL, 144),
(145, 'H1I2J3K4L5M', NULL, 145),
(146, 'N6O7P8Q9R0S', NULL, 146),
(147, 'T1U2V3W4X5Y', NULL, 147),
(148, 'Z6A7B8C9D0E', NULL, 148),
(149, 'F1G2H3I4J5K', NULL, 149),
(150, 'L6M7N8O9P0Q', NULL, 150),
(151, 'R1S2T3U4V5W', NULL, 151),
(152, 'X6Y7Z8A9B0C', NULL, 152),
(153, 'D1E2F3G4H5I', NULL, 153),
(154, 'J6K7L8M9N0O', NULL, 154),
(155, 'P1Q2R3S4T5U', NULL, 155),
(156, 'V6W7X8Y9Z0A', NULL, 156),
(157, 'B1C2D3E4F5G', NULL, 157),
(158, 'H6I7J8K9L0M', NULL, 158),
(159, 'N1O2P3Q4R5S', NULL, 159),
(160, 'T6U7V8W9X0Y', NULL, 160),
(161, 'Z1A2B3C4D5E', NULL, 161),
(162, 'F6G7H8I9J0K', NULL, 162),
(163, 'L1M2N3O4P5Q', NULL, 163),
(164, 'R6S7T8U9V0W', NULL, 164),
(165, 'X1Y2Z3A4B5C', NULL, 165),
(166, 'D6E7F8G9H0I', NULL, 166),
(167, 'J1K2L3M4N5O', NULL, 167),
(168, 'P6Q7R8S9T0U', NULL, 168),
(169, 'V1W2X3Y4Z5A', NULL, 169),
(170, 'B6C7D8E9F0G', NULL, 170),
(171, 'H1I2J3K4L5M', NULL, 171),
(172, 'N6O7P8Q9R0S', NULL, 172),
(173, 'T1U2V3W4X5Y', NULL, 173),
(174, 'Z6A7B8C9D0E', NULL, 174),
(175, 'F1G2H3I4J5K', NULL, 175),
(176, 'L6M7N8O9P0Q', NULL, 176),
(177, 'R1S2T3U4V5W', NULL, 177),
(178, 'X6Y7Z8A9B0C', NULL, 178),
(179, 'D1E2F3G4H5I', NULL, 179),
(180, 'J6K7L8M9N0O', NULL, 180),
(181, 'P1Q2R3S4T5U', NULL, 181),
(182, 'V6W7X8Y9Z0A', NULL, 182),
(183, 'B1C2D3E4F5G', NULL, 183),
(184, 'H6I7J8K9L0M', NULL, 184),
(185, 'N1O2P3Q4R5S', NULL, 185),
(186, 'T6U7V8W9X0Y', NULL, 186),
(187, 'Z1A2B3C4D5E', NULL, 187),
(188, 'F6G7H8I9J0K', NULL, 188),
(189, 'L1M2N3O4P5Q', NULL, 189),
(190, 'R6S7T8U9V0W', NULL, 190),
(191, 'X1Y2Z3A4B5C', NULL, 191),
(192, 'D6E7F8G9H0I', NULL, 192),
(193, 'J1K2L3M4N5O', NULL, 193),
(194, 'P6Q7R8S9T0U', NULL, 194),
(195, 'V1W2X3Y4Z5A', NULL, 195),
(196, 'B6C7D8E9F0G', NULL, 196),
(197, 'H1I2J3K4L5M', NULL, 197),
(198, 'N6O7P8Q9R0S', NULL, 198),
(199, 'T1U2V3W4X5Y', NULL, 199),
(200, 'Z6A7B8C9D0E', NULL, 200),
(201, 'F1G2H3I4J5K', NULL, 201),
(202, 'L6M7N8O9P0Q', NULL, 202),
(203, 'R1S2T3U4V5W', NULL, 203),
(204, 'X6Y7Z8A9B0C', NULL, 204),
(205, 'D1E2F3G4H5I', NULL, 205),
(206, 'J6K7L8M9N0O', NULL, 206),
(207, 'P1Q2R3S4T5U', NULL, 207),
(208, 'V6W7X8Y9Z0A', NULL, 208),
(209, 'B1C2D3E4F5G', NULL, 209),
(210, 'H6I7J8K9L0M', NULL, 210),
(211, 'N1O2P3Q4R5S', NULL, 211),
(212, 'T6U7V8W9X0Y', NULL, 212),
(213, 'Z1A2B3C4D5E', NULL, 213),
(214, 'F6G7H8I9J0K', NULL, 214),
(215, 'L1M2N3O4P5Q', NULL, 215),
(216, 'R6S7T8U9V0W', NULL, 216),
(217, 'X1Y2Z3A4B5C', NULL, 217),
(218, 'D6E7F8G9H0I', NULL, 218),
(219, 'J1K2L3M4N5O', NULL, 219),
(220, 'P6Q7R8S9T0U', NULL, 220),
(221, 'V1W2X3Y4Z5A', NULL, 221),
(222, 'B6C7D8E9F0G', NULL, 222),
(223, 'H1I2J3K4L5M', NULL, 223),
(224, 'N6O7P8Q9R0S', NULL, 224),
(225, 'T1U2V3W4X5Y', NULL, 225),
(226, 'Z6A7B8C9D0E', NULL, 226),
(227, 'F1G2H3I4J5K', NULL, 227),
(228, 'L6M7N8O9P0Q', NULL, 228),
(229, 'R1S2T3U4V5W', NULL, 229),
(230, 'X6Y7Z8A9B0C', NULL, 230),
(231, 'D1E2F3G4H5I', NULL, 231),
(232, 'J6K7L8M9N0O', NULL, 232),
(233, 'P1Q2R3S4T5U', NULL, 233),
(234, 'V6W7X8Y9Z0A', NULL, 234),
(235, 'B1C2D3E4F5G', NULL, 235),
(236, 'H6I7J8K9L0M', NULL, 236),
(237, 'N1O2P3Q4R5S', NULL, 237),
(238, 'T6U7V8W9X0Y', NULL, 238),
(239, 'Z1A2B3C4D5E', NULL, 239),
(240, 'F6G7H8I9J0K', NULL, 240),
(241, 'L1M2N3O4P5Q', NULL, 241),
(242, 'R6S7T8U9V0W', NULL, 242),
(243, 'X1Y2Z3A4B5C', NULL, 243),
(244, 'D6E7F8G9H0I', NULL, 244),
(245, 'J1K2L3M4N5O', NULL, 245),
(246, 'P6Q7R8S9T0U', NULL, 246),
(247, 'V1W2X3Y4Z5A', NULL, 247),
(248, 'B6C7D8E9F0G', NULL, 248),
(249, 'H1I2J3K4L5M', NULL, 249);



  
  
  INSERT INTO `transportation_service_db`.`gift_cards` 
  (gift_card_id, code, amount, expiration_date, user_payment_method_id) 
  VALUES
(1, 'ABC123DEF456', 20.00, '2024-05-01', 51),
(2, 'GHI789JKL012', 30.00, '2024-06-15', 52),
(3, 'MNO345PQR678', 40.00, '2024-07-20', 53),
(4, 'STU901VWX234', 50.00, '2024-08-10', 54),
(5, 'YZA567BCD890', 20.00, '2024-09-05', 55),
(6, 'EFG123HIJ456', 30.00, '2024-10-15', 56),
(7, 'KLM789NOP012', 40.00, '2024-11-20', 57),
(8, 'QRS345TUV678', 50.00, '2024-12-10', 58),
(9, 'WXY901ZAB234', 20.00, '2025-01-05', 59),
(10, 'CDE567FGH890', 30.00, '2025-02-15', 60),
(11, 'IJK123LMN456', 40.00, '2025-03-20', 61),
(12, 'OPQ789RST012', 50.00, '2025-04-10', 62),
(13, 'UVW345XYZ678', 20.00, '2025-05-05', 63),
(14, 'ABC901DEF234', 30.00, '2025-06-15', 64),
(15, 'GHI567JKL890', 40.00, '2025-07-20', 65),
(16, 'MNO123PQR456', 50.00, '2025-08-10', 66),
(17, 'STU789VWX012', 20.00, '2025-09-05', 67),
(18, 'YZA345BCD678', 30.00, '2025-10-15', 68),
(19, 'EFG901HIJ234', 40.00, '2025-11-20', 69),
(10, 'KLM567NOP890', 50.00, '2025-12-10', 70),
(21, 'QRS123TUV456', 20.00, '2026-01-05', 71),
(22, 'WXY789ZAB012', 30.00, '2026-02-15', 72),
(23, 'CDE345FGH678', 40.00, '2026-03-20', 73),
(24, 'IJK901LMN234', 50.00, '2026-04-10', 74),
(25, 'OPQ567RST890', 20.00, '2026-05-05', 75),
(26, 'UVW123XYZ456', 30.00, '2026-06-15', 76),
(27, 'ABC789DEF012', 40.00, '2026-07-20', 77),
(28, 'GHI345JKL678', 50.00, '2026-08-10', 78),
(29, 'MNO901PQR234', 20.00, '2026-09-05', 79),
(30, 'STU567VWX890', 30.00, '2026-10-15', 80),
(31, 'DEF012GHI345', 20.00, '2026-11-05', 81),
(32, 'JKL678MNO901', 30.00, '2026-12-15', 82),
(33, 'PQR234STU567', 40.00, '2027-01-20', 83),
(34, 'VWX890YZA123', 50.00, '2027-02-10', 84),
(35, 'BCD456EFG789', 20.00, '2027-03-05', 85),
(36, 'HIJ012KLM345', 30.00, '2027-04-15', 86),
(37, 'NOP678QRS901', 40.00, '2027-05-20', 87),
(38, 'TUV234WXY567', 50.00, '2027-06-10', 88),
(39, 'ZAB890CDE123', 20.00, '2027-07-05', 89),
(40, 'FGH456IJK789', 30.00, '2027-08-15', 90),
(41, 'LMN012OPQ345', 40.00, '2027-09-20', 91),
(42, 'RST678UVW901', 50.00, '2027-10-10', 92),
(43, 'XYZ234ABC567', 20.00, '2027-11-05', 93),
(44, 'DEF890GHI123', 30.00, '2027-12-15', 94),
(45, 'JKL456MNO789', 40.00, '2028-01-20', 95),
(46, 'PQR012STU345', 50.00, '2028-02-10', 96),
(47, 'VWX678YZA901', 20.00, '2028-03-05', 97),
(48, 'BCD234EFG567', 30.00, '2028-04-15', 98),
(49, 'HIJ890KLM123', 40.00, '2028-05-20', 99),
(50, 'NOP456QRS789', 50.00, '2028-06-10', 100),
(51, 'TUV012WXY345', 20.00, '2028-07-05', 101),




  
INSERT INTO transportation_service_db.credit_cards 
(credit_card_id, card_number, card_holder, expiration_date_year, expiration_date_month, cvv, nickname, location_id, user_payment_method_id)
 VALUES
(1, '1834567890123456', 'John Doe', 2024, 5, '123', NULL, 2, 1),
(2, '9676543210987654', 'Jane Smith', 2025, 9, '456', NULL, 3, 2),
(3, '1511292233334444', 'Maria Rodriguez', 2027, 10, '789', NULL, 1, 3),
(4, '5355696676778888', 'Juan Martinez', 2028, 4, '234', NULL, 2, 4),
(5, '9299090014112222', 'Ana Lopez', 2024, 8, '567', NULL, 3, 5),
(6, '3033494453556666', 'Pedro Sanchez', 2025, 11, '890', NULL, 1, 6),
(7, '7877898892990000', 'Laura Garcia', 2028, 1, '345', NULL, 2, 7),
(8, '1512191217121212', 'Carlos Perez', 2024, 12, '678', NULL, 3, 8),
(9, '9398999899989898', 'Sofia Fernandez', 2027, 6, '123', NULL, 1, 9),
(10, '1545954505454545', 'Miguel Gonzalez', 2025, 3, '456', NULL, 2, 10),
(11, '0878987858787878', 'Elena Ramirez', 2028, 7, '789', NULL, 3, 11),
(12, '6232923282323232', 'Diego Torres', 2024, 2, '012', NULL, 1, 12),
(13, '5565956535656565', 'Paola Gomez', 2025, 9, '345', NULL, 2, 13),
(14, '8212921242121212', 'Roberto Diaz', 2027, 5, '678', NULL, 3, 14),
(15, '9898989898989898', 'Laura Herrera', 2024, 10, '901', NULL, 1, 15),
(16, '4545954545454545', 'Andres Castro', 2025, 6, '234', NULL, 2, 16),
(17, '7878987878787878', 'Daniela Vargas', 2028, 11, '567', NULL, 3, 17),
(18, '3232923232323232', 'Camila Ruiz', 2024, 1, '890', NULL, 1, 18),
(19, '6565956565656565', 'Julian Lopez', 2027, 8, '123', NULL, 2, 19),
(20, '1212121212121212', 'Valeria Perez', 2025, 4, '456', NULL, 3, 20),
(21, '9898989898989898', 'Luisa Gomez', 2028, 9, '789', NULL, 1, 21),
(22, '4545454545454545', 'Gabriel Torres', 2024, 5, '012', NULL, 2, 22),
(23, '7878787878787878', 'Laura Castro', 2027, 12, '345', NULL, 3, 23),
(24, '3232323232323232', 'Andres Ramirez', 2024, 3, '678', NULL, 1, 24),
(25, '6565656565656565', 'Camila Vargas', 2025, 7, '901', NULL, 2, 25),
(26, '1212121212121212', 'Julian Ruiz', 2028, 2, '234', NULL, 3, 26),
(27, '9898989898989898', 'Valeria Lopez', 2024, 9, '567', NULL, 1, 27),
(28, '4545454545454545', 'Luisa Perez', 2025, 1, '890', NULL, 2, 28),
(29, '7878787878787878', 'Gabriel Gomez', 2028, 6, '123', NULL, 3, 29),
(30, '3232323232323232', 'Laura Torres', 2024, 11, '456', NULL, 1, 30),
(31, '6565656565656565', 'Andres Diaz', 2027, 4, '789', NULL, 2, 31),
(32, '1212121212121212', 'Camila Herrera', 2025, 10, '012', NULL, 3, 32),
(33, '9898989898989898', 'Julian Ruiz', 2028, 5, '345', NULL, 1, 33),
(34, '4545454545454545', 'Valeria Lopez', 2024, 8, '678', NULL, 2, 34),
(35, '7878787878787878', 'Luisa Perez', 2027, 2, '901', NULL, 3, 35),
(36, '3232323232323232', 'Gabriel Gomez', 2024, 6, '234', NULL, 1, 36),
(37, '6565656565656565', 'Laura Torres', 2025, 12, '567', NULL, 2, 37),
(38, '1212121212121212', 'Andres Diaz', 2028, 3, '890', NULL, 3, 38),
(39, '9898989898989898', 'Camila Herrera', 2024, 7, '123', NULL, 1, 39),
(40, '4545454545454545', 'Julian Ruiz', 2025, 11, '456', NULL, 2, 40),
(41, '7878787878787878', 'Valeria Lopez', 2028, 4, '789', NULL, 3, 41),
(42, '3232323232323232', 'Luisa Perez', 2024, 9, '012', NULL, 1, 42),
(43, '6565656565656565', 'Gabriel Gomez', 2027, 5, '345', NULL, 2, 43),
(44, '1212121212121212', 'Laura Torres', 2024, 1, '678', NULL, 3, 44),
(45, '9898989898989898', 'Andres Diaz', 2025, 6, '901', NULL, 1, 45),
(46, '4545454545454545', 'Camila Herrera', 2028, 12, '234', NULL, 2, 46),
(47, '7878787878787878', 'Julian Ruiz', 2024, 2, '567', NULL, 3, 47),
(48, '3232323232323232', 'Valeria Lopez', 2027, 8, '890', NULL, 1, 48),
(49, '6565656565656565', 'Luisa Perez', 2024, 3, '123', NULL, 2, 49),
(50, '1212121212121212', 'Gabriel Gomez', 2025, 9, '456', NULL, 3, 50),
(102, '5555666677778888', 'Juan Martinez', 2024, 2, '234', NULL, 2, 102),
(103, '1234123412341234', 'Ana Lopez', 2025, 11, '567', NULL, 3, 103),
(104, '7777888899990000', 'Pedro Sanchez', 2027, 3, '890', NULL, 1, 104),
(105, '3333444455556666', 'Laura Garcia', 2024, 7, '123', NULL, 2, 105),
(106, '9999000011112222', 'Carlos Perez', 2025, 4, '456', NULL, 3, 106),
(107, '1212121212121212', 'Miguel Gonzalez', 2028, 8, '789', NULL, 1, 107),
(108, '7878787878787878', 'Elena Ramirez', 2024, 5, '012', NULL, 2, 108),
(109, '4545454545454545', 'Diego Torres', 2027, 9, '345', NULL, 3, 109),
(110, '3232323232323232', 'Paola Gomez', 2024, 10, '678', NULL, 1, 110),
(111, '9898989898989898', 'Roberto Diaz', 2025, 12, '901', NULL, 2, 111),
(112, '6565656565656565', 'Laura Herrera', 2028, 1, '234', NULL, 3, 112),
(113, '1212121212121212', 'Andres Castro', 2024, 3, '567', NULL, 1, 113),
(114, '7878787878787878', 'Daniela Vargas', 2027, 4, '890', NULL, 2, 114),
(115, '4545454545454545', 'Camila Ruiz', 2024, 6, '123', NULL, 3, 115),
(116, '3232323232323232', 'Julian Lopez', 2025, 7, '456', NULL, 1, 116),
(117, '9898989898989898', 'Valeria Perez', 2028, 10, '789', NULL, 2, 117),
(118, '6565656565656565', 'Luisa Gomez', 2024, 11, '012', NULL, 3, 118),
(119, '1212121212121212', 'Gabriel Torres', 2027, 2, '345', NULL, 1, 119),
(120, '7878787878787878', 'Laura Castro', 2024, 8, '678', NULL, 2, 120),
(121, '3232323232323232', 'Andres Ramirez', 2025, 1, '901', NULL, 3, 121),
(122, '6565656565656565', 'Camila Vargas', 2028, 5, '234', NULL, 1, 122),
(123, '1212121212121212', 'Julian Ruiz', 2024, 9, '567', NULL, 2, 123),
(124, '9898989898989898', 'Valeria Lopez', 2027, 3, '890', NULL, 3, 124),
(191, '3232323232323232', 'Andres Ramirez', 2025, 1, '901', NULL, 3, 191),
(192, '6565656565656565', 'Camila Vargas', 2028, 5, '234', NULL, 1, 192),
(193, '1212121212121212', 'Julian Ruiz', 2024, 9, '567', NULL, 2, 193),
(194, '9898989898989898', 'Valeria Lopez', 2027, 3, '890', NULL, 3, 194),
(195, '4545454545454545', 'Luisa Perez', 2024, 4, '123', NULL, 1, 195),
(196, '7878787878787878', 'Gabriel Gomez', 2025, 5, '456', NULL, 2, 196),
(197, '3232323232323232', 'Laura Torres', 2028, 6, '789', NULL, 3, 197),
(198, '6565656565656565', 'Andres Diaz', 2024, 7, '012', NULL, 1, 198),
(199, '1212121212121212', 'Camila Herrera', 2027, 8, '345', NULL, 2, 199),
(200, '9898989898989898', 'Julian Ruiz', 2024, 9, '678', NULL, 3, 200),
(201, '4545454545454545', 'Valeria Lopez', 2025, 10, '901', NULL, 1, 201),
(202, '7878787878787878', 'Luisa Perez', 2028, 11, '234', NULL, 2, 202),
(203, '3232323232323232', 'Gabriel Gomez', 2024, 12, '567', NULL, 3, 203),
(204, '6565656565656565', 'Laura Torres', 2027, 1, '890', NULL, 1, 204),
(205, '1212121212121212', 'Andres Diaz', 2024, 2, '123', NULL, 2, 205),
(206, '9898989898989898', 'Camila Herrera', 2025, 3, '456', NULL, 3, 206),
(207, '4545454545454545', 'Julian Ruiz', 2028, 4, '789', NULL, 1, 207),
(208, '7878787878787878', 'Valeria Lopez', 2024, 5, '012', NULL, 2, 208),
(209, '3232323232323232', 'Luisa Perez', 2027, 6, '345', NULL, 3, 209),
(210, '6565656565656565', 'Gabriel Gomez', 2024, 7, '678', NULL, 1, 210),
(211, '1212121212121212', 'Laura Torres', 2025, 8, '901', NULL, 2, 211),
(212, '9898989898989898', 'Andres Diaz', 2028, 9, '234', NULL, 3, 212),
(213, '4545454545454545', 'Camila Herrera', 2024, 10, '567', NULL, 1, 213),
(214, '7878787878787878', 'Julian Ruiz', 2027, 11, '890', NULL, 2, 214),
(215, '3232323232323232', 'Valeria Lopez', 2024, 12, '123', NULL, 3, 215),
(216, '6565656565656565', 'Luisa Perez', 2028, 1, '456', NULL, 1, 216),
(217, '1212121212121212', 'Gabriel Gomez', 2024, 2, '789', NULL, 2, 217),
(218, '9898989898989898', 'Laura Torres', 2027, 3, '012', NULL, 3, 218),
(219, '4545454545454545', 'Andres Diaz', 2024, 4, '345', NULL, 1, 219),
(220, '7878787878787878', 'Camila Herrera', 2025, 5, '678', NULL, 2, 220),
(221, '3232323232323232', 'Julian Ruiz', 2028, 6, '901', NULL, 3, 221),
(222, '6565656565656565', 'Valeria Lopez', 2024, 7, '234', NULL, 1, 222),
(223, '1212121212121212', 'Luisa Perez', 2027, 8, '567', NULL, 2, 223),
(224, '9898989898989898', 'Gabriel Gomez', 2024, 9, '890', NULL, 3, 224),
(225, '4545454545454545', 'Laura Torres', 2025, 10, '123', NULL, 1, 225),
(226, '7878787878787878', 'Andres Diaz', 2028, 11, '456', NULL, 2, 226),
(227, '3232323232323232', 'Camila Herrera', 2024, 12, '789', NULL, 3, 227),
(228, '6565656565656565', 'Julian Ruiz', 2027, 1, '012', NULL, 1, 228),
(229, '1212121212121212', 'Valeria Lopez', 2024, 2, '345', NULL, 2, 229),
(230, '9898989898989898', 'Luisa Perez', 2025, 3, '678', NULL, 3, 230),
(231, '4545454545454545', 'Gabriel Gomez', 2028, 4, '901', NULL, 1, 231),
(232, '7878787878787878', 'Laura Torres', 2024, 5, '234', NULL, 2, 232),
(233, '3232323232323232', 'Andres Diaz', 2027, 6, '567', NULL, 3, 233),
(234, '6565656565656565', 'Camila Herrera', 2024, 7, '890', NULL, 1, 234),
(235, '1212121212121212', 'Julian Ruiz', 2025, 8, '123', NULL, 2, 235),
(236, '9898989898989898', 'Valeria Lopez', 2028, 9, '456', NULL, 3, 236),
(237, '4545454545454545', 'Luisa Perez', 2024, 10, '789', NULL, 1, 237),
(238, '7878787878787878', 'Gabriel Gomez', 2027, 11, '012', NULL, 2, 238),
(239, '3232323232323232', 'Laura Torres', 2024, 12, '345', NULL, 3, 239),
(240, '6565656565656565', 'Andres Diaz', 2028, 1, '678', NULL, 1, 240),
(241, '1212121212121212', 'Camila Herrera', 2024, 2, '901', NULL, 2, 241),
(242, '9898989898989898', 'Julian Ruiz', 2027, 3, '234', NULL, 3, 242),
(243, '4545454545454545', 'Valeria Lopez', 2024, 4, '567', NULL, 1, 243),
(244, '7878787878787878', 'Luisa Perez', 2025, 5, '890', NULL, 2, 244),
(245, '3232323232323232', 'Gabriel Gomez', 2028, 6, '123', NULL, 3, 245),
(246, '6565656565656565', 'Laura Torres', 2024, 7, '456', NULL, 1, 246),
(247, '1212121212121212', 'Andres Diaz', 2027, 8, '789', NULL, 2, 247),
(248, '9898989898989898', 'Camila Herrera', 2024, 9, '012', NULL, 3, 248),
(249, '4545454545454545', 'Julian Ruiz', 2025, 10, '345', NULL, 1, 249);

  
 INSERT INTO transportation_service_db.app_cash 
 (app_cash_id, amount, user_payment_method_id) 
 VALUES
(1, 5.00, 125),
(2, 10.00, 126),
(3, 15.00, 127),
(4, 5.00, 128),
(5, 10.00, 129),
(6, 15.00, 130),
(7, 5.00, 131),
(8, 10.00, 132),
(9, 15.00, 133),
(10, 5.00, 134),
(11, 10.00, 135),
(12, 15.00, 136),
(13, 5.00, 137),
(14, 10.00, 138),
(15, 15.00, 139),
(16, 5.00, 140),
(17, 10.00, 141),
(18, 15.00, 142),
(19, 5.00, 143),
(20, 10.00, 144),
(21, 15.00, 145),
(22, 5.00, 146),
(23, 10.00, 147),
(24, 15.00, 148),
(25, 5.00, 149),
(26, 10.00, 150),
(27, 15.00, 151),
(28, 5.00, 152),
(29, 10.00, 153),
(30, 15.00, 154),
(31, 5.00, 155),
(32, 10.00, 156),
(33, 15.00, 157),
(34, 5.00, 158),
(35, 10.00, 159),
(36, 15.00, 160),
(37, 5.00, 161),
(38, 10.00, 162),
(39, 15.00, 163),
(40, 5.00, 164),
(41, 10.00, 165),
(42, 15.00, 166),
(43, 5.00, 167),
(44, 10.00, 168),
(45, 15.00, 169),
(46, 5.00, 170),
(47, 10.00, 171),
(48, 15.00, 172),
(49, 5.00, 173),
(50, 10.00, 174),
(51, 15.00, 175),
(52, 5.00, 176),
(53, 10.00, 177),
(54, 15.00, 178),
(55, 5.00, 179),
(56, 10.00, 180),
(57, 15.00, 181),
(58, 5.00, 182),
(59, 10.00, 183),
(60, 15.00, 184),
(61, 5.00, 185),
(62, 10.00, 186),
(63, 15.00, 187),
(64, 5.00, 188),
(65, 10.00, 189),
(66, 15.00, 190);





